new name,vanGestel,Crowther,CCRCN,Holmquist,ISCN3,ISRaD,,,,,,,,,,,,,,,,,,,
latitude,lat,LAT,"(site_latitude_min, site_latitude_max)","(site_latitude_min, site_latitude_max)",lat,site_lat,,,,,,,,,,,,,,,,,,,
longitude,lon,LONG,"(site_longitude_min, site_longitude_max)","(site_longitude_min, site_longitude_max)",long,flx_lat,,,,,,,,,,,,,,,,,,,
latitude_minimum,,,site_latitude_min ,,,pro_lat,,,,,,,,,,,,,,,,,,,
latitude_maximum,,,site_latitude_max,,,site_long,,,,,,,,,,,,,,,,,,,
longitude_minimum,,,site_longitude_min,,,flx_long,,,,,,,,,,,,,,,,,,,
longitude_maximum,,,site_longitude_max,,,pro_long,,,,,,,,,,,,,,,,,,,
site_id,site.id,Study,site_id,,,site_name,,,,,,,,,,,,,,,,,,,
sand,perc.sand,% sand,,,sand_tot_psa,lyr_sand_tot_psa,,,,,,,,,,,,,,,,,,,
silt,perc.silt,% silt,,,silt_tot_psa,lyr_silt_tot_psa,,,,,,,,,,,,,,,,,,,
clay,,Author Updated % clay,,,clay_tot_psa,lyr_clay_tot_psa,,,,,,,,,,,,,,,,,,,
clay,perc.clay,% clay,,,,,,,,,,,,,,,,,,,,,,,
bulk_density,bulk.density,Bulk Density,dry_bulk_density,dry_bulk_density,bd_samp,lyr_bd_samp,,,,,,,,,,,,,,,,,,,
bulk_density,bd,,,,"bd_tot, bd_whole",lyr_bd_tot,,,,,,,,,,,,,,,,,,,
bulk_density,,,,,bd_other,,,,,,,,,,,,,,,,,,,,
mean_annual_temperature,mat,Temperature (avg. annual degrees C),,,mat,pro_MAT,,,,,,,,,,,,,,,,,,,
mean_annual_percipitation,map,Precipitation (avg. annual mm),,,map,pro_MAP,,,,,,,,,,,,,,,,,,,
treatment_duration_start,,,study_start_date,,,,,,,,,,,,,,,,,,,,,,
treatment_duration_end,,,study_end_date,,,,,,,,,,,,,,,,,,,,,,
treatment_duration,duration,Length of Study (years),,,,,,,,,,,,,,,,,,,,,,,
biome,biome,Biome,,,,,,,,,,,,,,,,,,,,,,,
biome,,Author Updated Biome,,,,,,,,,,,,,,,,,,,,,,,
treatment_type,treatments,"Treatment (W=warming, C=control)",,,,,,,,,,,,,,,,,,,,,,,
treatment_type,trt,,,,,,,,,,,,,,,,,,,,,,,,
pH,pH,pH (from ISRIC),,,ph_cacl,lyr_ph_cacl,,,,,,,,,,,,,,,,,,,
pH,,Author Updated pH,,,ph_h2o,lyr_ph_h2o,,,,,,,,,,,,,,,,,,,
pH,,,,,ph_other,lyr_ph,,,,,,,,,,,,,,,,,,,
elevation,elevation,,core_elevation,,elevation,site_elevation,,,,,,,,,,,,,,,,,,,
elevation,,,,,,pro_elevation,,,,,,,,,,,,,,,,,,,
vegetation_species,species,Ecosystem,species,,,,,,,,,,,,,,,,,,,,,,
organic_matter,percent.om,,fraction_organic_matter,fraction_organic_matter,,,,,,,,,,,,,,,,,,,,,
Author,,Author,author,,,,,,,,,,,,,,,,,,,,,,
study_id,,,study_id,study_id,,,,,,,,,,,,,,,,,,,,,
core_id,,,core_id,core_id,,,,,,,,,,,,,,,,,,,,,
depth_mean,soil.depth.pool,,,,,,,,,,,,,,,,,,,,,,,,
depth_soil_temperature,soilT.depth,,,,,,,,,,,,,,,,,,,,,,,,
depth_top,,,depth_min,depth_min,layer_top,,,,,,,,,,,,,,,,,,,,
depth_bottom,,,depth_max,depth_max,layer_bot,,,,,,,,,,,,,,,,,,,,
depth_water,,,,,depth_water,pro_depth_water,,,,,,,,,,,,,,,,,,,
depth_site_thaw,,,,,thaw_depth_site,,,,,,,,,,,,,,,,,,,,
depth_bedrock,,,,,bedrock_depth,,,,,,,,,,,,,,,,,,,,
carbon_organic,,%C,"(fraction_carbon, fraction_carbon_type)",,oc,lyr_c_org,,,,,,,,,,,,,,,,,,,
carbon_organic,,,,,,frc_c_org,,,,,,,,,,,,,,,,,,,
publication_type,,,publication_type,publication_type,,,,,,,,,,,,,,,,,,,,,
sample_count,,,,n,,,,,,,,,,,,,,,,,,,,,
coring_method,,,coring_method,coring_method,,,,,,,,,,,,,,,,,,,,,
roots_flag,,,roots_flag,roots_flag,,,,,,,,,,,,,,,,,,,,,
compaction_flag,,,compaction_flag,compaction_flag,,,,,,,,,,,,,,,,,,,,,
bulk_density_dry_temperature,,,dry_bulk_density_temperature,dry_bulk_density_temperature,,,,,,,,,,,,,,,,,,,,,
bulk_density_dry_time,,,dry_bulk_density_time,dry_bulk_density_time,,,,,,,,,,,,,,,,,,,,,
bulk_density_dry_flag,,,dry_bulk_density_flag,dry_bulk_density_flag,,,,,,,,,,,,,,,,,,,,,
loss_on_ignition_temperature,,,loss_on_ignition_temperature,loss_on_ignition_temperature,,,,,,,,,,,,,,,,,,,,,
loss_on_ignition_time,,,loss_on_ignition_time,loss_on_ignition_time,,,,,,,,,,,,,,,,,,,,,
loss_on_ignition_flag,,,loss_on_ignition_flag,loss_on_ignition_flag,,,,,,,,,,,,,,,,,,,,,
carbon_measured_or_modeled,,,carbon_measured_or_modeled,carbon_measured_or_modeled,,,,,,,,,,,,,,,,,,,,,
carbonates_removed,,,carbonates_removed,carbonates_removed,,,,,,,,,,,,,,,,,,,,,
carbonate_removal_method,,,carbonate_removal_method,carbonate_removal_method,,,,,,,,,,,,,,,,,,,,,
fraction_carbon_flag,,,,fraction_carbon_flag,,,,,,,,,,,,,,,,,,,,,
one_liner,,,one_liner,,,,,,,,,,,,,,,,,,,,,,
study_code,,,study_code,,,,,,,,,,,,,,,,,,,,,,
title,,,title,,,,,,,,,,,,,,,,,,,,,,
abstract,,,abstract,,,,,,,,,,,,,,,,,,,,,,
key_words,,,key_words,,,,,,,,,,,,,,,,,,,,,,
last_name,,,last_name,,,,,,,,,,,,,,,,,,,,,,
given_name,,,given_name,,,,,,,,,,,,,,,,,,,,,,
institution,,,institution,,,,,,,,,,,,,,,,,,,,,,
email,,,email,,,,,,,,,,,,,,,,,,,,,,
address,,,address,,,,,,,,,,,,,,,,,,,,,,
phone,,,phone,,,,,,,,,,,,,,,,,,,,,,
corresponding_author,,,corresponding_author,,,,,,,,,,,,,,,,,,,,,,
funding_agency,,,funding_agency,,funding_organizationA28,,,,,,,,,,,,,,,,,,,,
funding_id,,,funding_id,,,,,,,,,,,,,,,,,,,,,,
funding_notes,,,funding_notes,,,,,,,,,,,,,,,,,,,,,,
citation,,,bibtex_citation,,"citation, citation_usage",,,,,,,,,,,,,,,,,,,,
year,,,year,,,,,,,,,,,,,,,,,,,,,,
journal,,,journal,,,,,,,,,,,,,,,,,,,,,,
volume,,,volume,,,,,,,,,,,,,,,,,,,,,,
number,,,number,,,,,,,,,,,,,,,,,,,,,,
pages,,,pages,,,,,,,,,,,,,,,,,,,,,,
url,,,url,,,,,,,,,,,,,,,,,,,,,,
doi,,,doi,,,doi,,,,,,,,,,,,,,,,,,,
annote,,,annote,,,,,,,,,,,,,,,,,,,,,,
booktitle,,,booktitle,,,,,,,,,,,,,,,,,,,,,,
chapter,,,chapter,,,,,,,,,,,,,,,,,,,,,,
crossref,,,crossref,,,,,,,,,,,,,,,,,,,,,,
edition,,,edition,,,,,,,,,,,,,,,,,,,,,,
editor,,,editor,,,,,,,,,,,,,,,,,,,,,,
howpublished,,,howpublished,,,,,,,,,,,,,,,,,,,,,,
key ,,,key ,,,,,,,,,,,,,,,,,,,,,,
month,,,month,,,,,,,,,,,,,,,,,,,,,,
note,,,note,,,,,,,,,,,,,,,,,,,,,,
organization,,,organization,,,,,,,,,,,,,,,,,,,,,,
publisher,,,publisher,,,,,,,,,,,,,,,,,,,,,,
school,,,school,,,,,,,,,,,,,,,,,,,,,,
series,,,series,,,,,,,,,,,,,,,,,,,,,,
type,,,type,,,,,,,,,,,,,,,,,,,,,,
sediment_sieved_flag,,,sediment_sieved_flag,,,,,,,,,,,,,,,,,,,,,,
sediment_sieve_size,,,sediment_sieve_size,,,,,,,,,,,,,,,,,,,,,,
dry_bulk_density_sample_volume,,,dry_bulk_density_sample_volume,,,,,,,,,,,,,,,,,,,,,,
dry_bulk_density_sample_mass,,,dry_bulk_density_sample_mass,,,,,,,,,,,,,,,,,,,,,,
loss_on_ignition_sample_volume,,,loss_on_ignition_sample_volume,,,,,,,,,,,,,,,,,,,,,,
loss_on_ignition_sample_mass,,,loss_on_ignition_sample_mass,,,,,,,,,,,,,,,,,,,,,,
fraction_carbon_method,,,fraction_carbon_method,,,,,,,,,,,,,,,,,,,,,,
carbon_profile_notes,,,carbon_profile_notes,,,,,,,,,,,,,,,,,,,,,,
cs137_counting_method,,,cs137_counting_method,,,,,,,,,,,,,,,,,,,,,,
pb210_counting_method,,,pb210_counting_method,,,,,,,,,,,,,,,,,,,,,,
excess_pb210_rate,,,excess_pb210_rate,,,,,,,,,,,,,,,,,,,,,,
excess_pb210_model,,,excess_pb210_model,,,,,,,,,,,,,,,,,,,,,,
ra226_assumption,,,ra226_assumption,,,,,,,,,,,,,,,,,,,,,,
c14_counting_method,,,c14_counting_method,,,,,,,,,,,,,,,,,,,,,,
dating_notes,,,dating_notes,,,,,,,,,,,,,,,,,,,,,,
age_depth_model_reference,,,age_depth_model_reference,,,,,,,,,,,,,,,,,,,,,,
age_depth_model_notes,,,age_depth_model_notes,,,,,,,,,,,,,,,,,,,,,,
site_description,,,site_description,,site_note,site_note,,,,,,,,,,,,,,,,,,,
site_boundaries,,,site_boundaries,,,,,,,,,,,,,,,,,,,,,,
salinity_class,,,salinity_class,,,,,,,,,,,,,,,,,,,,,,
salinity_method,,,salinity_method,,,,,,,,,,,,,,,,,,,,,,
salinity_notes,,,salinity_notes,,,,,,,,,,,,,,,,,,,,,,
vegetation_class,,,vegetation_class,,vegclass_nat,,,,,,,,,,,,,,,,,,,,
vegetation_class,,,,,vegclass,,,,,,,,,,,,,,,,,,,,
vegetation_class,,,,,vegclass_local,,,,,,,,,,,,,,,,,,,,
vegetation_method,,,vegetation_method,,vegclass_local_type,,,,,,,,,,,,,,,,,,,,
vegetation_notes,,,vegetation_notes,,veg_note,pro_veg_note,,,,,,,,,,,,,,,,,,,
inundation_class,,,inundation_class,,,,,,,,,,,,,,,,,,,,,,
inundation_method,,,inundation_method,,,,,,,,,,,,,,,,,,,,,,
inundation_notes,,,inundation_notes,,,,,,,,,,,,,,,,,,,,,,
core_date,,,core_date,,,,,,,,,,,,,,,,,,,,,,
core_notes,,,core_notes,,,,,,,,,,,,,,,,,,,,,,
core_latitude,,,core_latitude,,,,,,,,,,,,,,,,,,,,,,
core_longitude,,,core_longitude,,,,,,,,,,,,,,,,,,,,,,
core_position_accuracy,,,core_position_accuracy,,,,,,,,,,,,,,,,,,,,,,
core_position_method,,,core_position_method,,,,,,,,,,,,,,,,,,,,,,
core_position_notes,,,core_position_notes,,,,,,,,,,,,,,,,,,,,,,
core_elevation_datum,,,core_elevation_datum,,,,,,,,,,,,,,,,,,,,,,
core_elevation_accuracy,,,core_elevation_accuracy,,,,,,,,,,,,,,,,,,,,,,
core_elevation_method,,,core_elevation_method,,,,,,,,,,,,,,,,,,,,,,
core_elevation_notes,,,core_elevation_notes,,,,,,,,,,,,,,,,,,,,,,
core_length_flag,,,core_length_flag,,,,,,,,,,,,,,,,,,,,,,
sample_id,,,sample_id,,,,,,,,,,,,,,,,,,,,,,
compaction_fraction,,,compaction_fraction,,,,,,,,,,,,,,,,,,,,,,
compaction_notes,,,compaction_notes,,,,,,,,,,,,,,,,,,,,,,
cs137_activity,,,cs137_activity,,,,,,,,,,,,,,,,,,,,,,
cs137_activity_sd,,,cs137_activity_sd,,,,,,,,,,,,,,,,,,,,,,
total_pb210_activity,,,total_pb210_activity,,,,,,,,,,,,,,,,,,,,,,
total_pb210_activity_sd,,,total_pb210_activity_sd,,,,,,,,,,,,,,,,,,,,,,
ra226_activity,,,ra226_activity,,,,,,,,,,,,,,,,,,,,,,
ra226_activity_sd,,,ra226_activity_sd,,,,,,,,,,,,,,,,,,,,,,
excess_pb210_activity,,,excess_pb210_activity,,,,,,,,,,,,,,,,,,,,,,
excess_pb210_activity_sd,,,excess_pb210_activity_sd,,,,,,,,,,,,,,,,,,,,,,
c14_age,,,c14_age,,,,,,,,,,,,,,,,,,,,,,
c14_age_sd,,,c14_age_sd,,,,,,,,,,,,,,,,,,,,,,
c14_material,,,c14_material,,,,,,,,,,,,,,,,,,,,,,
c14_notes,,,c14_notes,,,,,,,,,,,,,,,,,,,,,,
delta_c13,,,delta_c13,,,,,,,,,,,,,,,,,,,,,,
be7_activity,,,be7_activity,,,,,,,,,,,,,,,,,,,,,,
be7_activity_sd,,,be7_activity_sd,,,,,,,,,,,,,,,,,,,,,,
am241_activity,,,am241_activity,,,,,,,,,,,,,,,,,,,,,,
am241_activity_sd,,,am241_activity_sd,,,,,,,,,,,,,,,,,,,,,,
marker_date,,,marker_date,,,,,,,,,,,,,,,,,,,,,,
marker_type,,,marker_type,,,,,,,,,,,,,,,,,,,,,,
marker_notes,,,marker_notes,,,,,,,,,,,,,,,,,,,,,,
age,,,age,,,,,,,,,,,,,,,,,,,,,,
age_min,,,age_min,,,,,,,,,,,,,,,,,,,,,,
age_max,,,age_max,,,,,,,,,,,,,,,,,,,,,,
age_sd,,,age_sd,,,,,,,,,,,,,,,,,,,,,,
depth_interval_notes,,,depth_interval_notes,,,,,,,,,,,,,,,,,,,,,,
species_code,,,species_code,,,,,,,,,,,,,,,,,,,,,,
impact_class,,,impact_class,,,,,,,,,,,,,,,,,,,,,,
genus,,,genus,,,,,,,,,,,,,,,,,,,,,,
sub_species,,,sub_species,,,,,,,,,,,,,,,,,,,,,,
hybrid,,,hybrid,,,,,,,,,,,,,,,,,,,,,,
common_name,,,common_name,,,,,,,,,,,,,,,,,,,,,,
species_notes,,,species_notes,,,,,,,,,,,,,,,,,,,,,,
state_country,state.country,,,,"(state/province, country)",,,,,,,,,,,,,,,,,,,,
site,site,,,,site_name,,,,,,,,,,,,,,,,,,,,
project,project,,,,,,,,,,,,,,,,,,,,,,,,
technique,technique,,,,,,,,,,,,,,,,,,,,,,,,
season,season,,,,,,,,,,,,,,,,,,,,,,,,
sub_biome,sub.biome,,,,,,,,,,,,,,,,,,,,,,,,
soil_type,soil.type,,,,,,,,,,,,,,,,,,,,,,,,
soil_texture_class,soil.texture.class,,,,,,,,,,,,,,,,,,,,,,,,
start_date,start.date,,,,,,,,,,,,,,,,,,,,,,,,
Carbon_pool_above_ground,C.pool.abg,,,,,,,,,,,,,,,,,,,,,,,,
Carbon_pool_below_ground,C.pool.bwg,,,,,,,,,,,,,,,,,,,,,,,,
Nitrogen_pool_above_ground,N.pool.abg,,,,,,,,,,,,,,,,,,,,,,,,
Nitrogen_pool_below_ground,N.pool.bwg,,,,,,,,,,,,,,,,,,,,,,,,
Phosphorus_pool_above_ground,P.pool.bwg,,,,,,,,,,,,,,,,,,,,,,,,
Nitrogen_deposition_rate,Ndep.rate,,,,,,,,,,,,,,,,,,,,,,,,
source,source,,,,,,,,,,,,,,,,,,,,,,,,
notes,notes,,,,,,,,,,,,,,,,,,,,,,,,
reference,"Reference, reference",,,,,,,,,,,,,,,,,,,,,,,,
technique,technique,,,,,,,,,,,,,,,,,,,,,,,,
season,season,,,,,,,,,,,,,,,,,,,,,,,,
treatment_size_below_ground,trt.size.bg,,,,,,,,,,,,,,,,,,,,,,,,
treatment_size_above_ground,trt.size.abg,,,,,,,,,,,,,,,,,,,,,,,,
treatment_size_units,trt.size.units,,,,,,,,,,,,,,,,,,,,,,,,
start_date,start.date,,,,,,,,,,,,,,,,,,,,,,,,
measurement_date,measurement.date,,,,,,,,,,,,,,,,,,,,,,,,
soil_horizon,soil.horizon,,,,,lyr_hzn,,,,,,,,,,,,,,,,,,,
percent_som,percent.som,,,,,,,,,,,,,,,,,,,,,,,,
remove,remove,,,,,,,,,,,,,,,,,,,,,,,,
multiyear,multi.year,,,,,,,,,,,,,,,,,,,,,,,,
control_mean,control.mean,,,,,,,,,,,,,,,,,,,,,,,,
control_standard_error,control.se,,,,,,,,,,,,,,,,,,,,,,,,
control_size,control.n,,,,,,,,,,,,,,,,,,,,,,,,
treatment_mean,trt.mean,,,,,,,,,,,,,,,,,,,,,,,,
treatment_standard_error,trt.se,,,,,,,,,,,,,,,,,,,,,,,,
treatment_size,trt.n,,,,,,,,,,,,,,,,,,,,,,,,
unit,unit,,,,,,,,,,,,,,,,,,,,,,,,
variable,variable,,,,,,,,,,,,,,,,,,,,,,,,
input,input,,,,,,,,,,,,,,,,,,,,,,,,
site_id,,Old Name,,,,,,,,,,,,,,,,,,,,,,,
detailed_site_id,,New Name,,,,,,,,,,,,,,,,,,,,,,,
average_control_temperature,,Avg. C Control,,,,,,,,,,,,,,,,,,,,,,,
average_warming_temperature,,Avg. W Control,,,,,,,,,,,,,,,,,,,,,,,
temperature_difference,,C Difference,,,,,,,,,,,,,,,,,,,,,,,
mean_temperature_change,,Mean delta T,,,,,,,,,,,,,,,,,,,,,,,
planned_warming_temperature,,Planned Warming,,,,,,,,,,,,,,,,,,,,,,,
average_bulk_density,,Bulk density avg.,,,,,,,,,,,,,,,,,,,,,,,
total_carbon,,total C,,,c_tot,,,,,,,,,,,,,,,,,,,,
total_raw_carbon,,total raw C,,,,,,,,,,,,,,,,,,,,,,,
precentage_nitrogen,,%N,,,,,,,,,,,,,,,,,,,,,,,
cation_exchange_capasity,,CEC(cmol/kg),,,cat_exch,,,,,,,,,,,,,,,,,,,,
location_acc,,,,,location_acc,,,,,,,,,,,,,,,,,,,,
landscape,,,,,landscape,,,,,,,,,,,,,,,,,,,,
landform,,,,,landform,,,,,,,,,,,,,,,,,,,,
2d_position,,,,,2d_position,,,,,,,,,,,,,,,,,,,,
landform_note,,,,,landform_note,,,,,,,,,,,,,,,,,,,,
parent,,,,,parent,,,,,,,,,,,,,,,,,,,,
aspect_deg,,,,,aspect_deg,,,,,,,,,,,,,,,,,,,,
aspect_cl,,,,,aspect_cl,,,,,,,,,,,,,,,,,,,,
slope,,,,,slope,pro_slope,,,,,,,,,,,,,,,,,,,
stand_age,,,,,stand_age,,,,,,,,,,,,,,,,,,,,
stand_maturity,,,,,stand_maturity,,,,,,,,,,,,,,,,,,,,
successional_status,,,,,successional_status,,,,,,,,,,,,,,,,,,,,
drainagecl,,,,,drainagecl,,,,,,,,,,,,,,,,,,,,
climate_station,,,,,climate_station,,,,,,,,,,,,,,,,,,,,
ffdays,,,,,ffdays,,,,,,,,,,,,,,,,,,,,
flood_freq,,,,,flood_freq,,,,,,,,,,,,,,,,,,,,
geo_form,,,,,geo_form,,,,,,,,,,,,,,,,,,,,
mast,,,,,mast,pro_MAST,,,,,,,,,,,,,,,,,,,
pond_freq,,,,,pond_freq,,,,,,,,,,,,,,,,,,,,
runoff,,,,,runoff,,,,,,,,,,,,,,,,,,,,
site_perm,,,,,site_perm,,,,,,,,,,,,,,,,,,,,
water_table_duration,,,,,water_table_duration,,,,,,,,,,,,,,,,,,,,
cflux_note,,,,,cflux_note,,,,,,,,,,,,,,,,,,,,
climate_note,,,,,climate_note,,,,,,,,,,,,,,,,,,,,
eco_note,,,,,eco_note,,,,,,,,,,,,,,,,,,,,
photo_note,,,,,photo_note,,,,,,,,,,,,,,,,,,,,
soiltemp_note,,,,,soiltemp_note,,,,,,,,,,,,,,,,,,,,
add_note,,,,,add_note,,,,,,,,,,,,,,,,,,,,
soc,,,,,soc,"pro_soc, lyr_soc",,,,,,,,,,,,,,,,,,,
soc_type,,,,,soc_type,,,,,,,,,,,,,,,,,,,,
soc_pcount,,,,,soc_pcount,,,,,,,,,,,,,,,,,,,,
soc_depth,,,,,soc_depth,pro_soc_depth,,,,,,,,,,,,,,,,,,,
soc_sigma,,,,,soc_sigma,pro_soc_sigma,,,,,,,,,,,,,,,,,,,
soc_sigma,,,,,,lyr_soc_sigma,,,,,,,,,,,,,,,,,,,
soc_method,,,,,soc_method,,,,,,,,,,,,,,,,,,,,
profile_name,,,,,profile_name,pro_name,,,,,,,,,,,,,,,,,,,
profile_name,,,,,,flx_name,,,,,,,,,,,,,,,,,,,
profile_note,,,,,profile_note,pro_note,,,,,,,,,,,,,,,,,,,
layer_method,,,,,layer_method,,,,,,,,,,,,,,,,,,,,
profile_method,,,,,profile_method,,,,,,,,,,,,,,,,,,,,
observation_date,,,,,observation_date,"(frc_obs_date_y, frc_obs_date_m, frc_obs_date_d)",,,,,,,,,,,,,,,,,,,
observation_date,,,,,,"(inc_obs_date_y, inc_obs_date_m, inc_obs_date_d)",,,,,,,,,,,,,,,,,,,
observation_date_acc,,,,,observation_date_acc,,,,,,,,,,,,,,,,,,,,
transect_flag,,,,,transect_flag,,,,,,,,,,,,,,,,,,,,
surface_veg,,,,,surface_veg,,,,,,,,,,,,,,,,,,,,
soil_taxon,,,,,soil_taxon,,,,,,,,,,,,,,,,,,,,
soil_series,,,,,soil_series,,,,,,,,,,,,,,,,,,,,
add_taxon_flag,,,,,add_taxon_flag,,,,,,,,,,,,,,,,,,,,
thaw_depth_profile,,,,,thaw_depth_profile,,,,,,,,,,,,,,,,,,,,
profile_properties_note,,,,,profile_properties_note,,,,,,,,,,,,,,,,,,,,
sampler_names,,,,,sampler_names,,,,,,,,,,,,,,,,,,,,
soc_lcount,,,,,soc_lcount,,,,,,,,,,,,,,,,,,,,
layer_name,,,,,layer_name,,,,,,,,,,,,,,,,,,,,
layer_addition,,,,,layer_addition,,,,,,,,,,,,,,,,,,,,
layer_top,,,,,layer_top,lyr_top,,,,,,,,,,,,,,,,,,,
layer_bot,,,,,layer_bot,lyr_bot,,,,,,,,,,,,,,,,,,,
hzn_desgn,,,,,hzn_desgn,,,,,,,,,,,,,,,,,,,,
hzn_desgn_other,,,,,hzn_desgn_other,,,,,,,,,,,,,,,,,,,,
hzn_desgn_other_note,,,,,hzn_desgn_other_note,,,,,,,,,,,,,,,,,,,,
layer_note,,,,,layer_note,lyr_note,,,,,,,,,,,,,,,,,,,
c_method,,,,,c_method,,,,,,,,,,,,,,,,,,,,
color,,,,,color,lyr_color,,,,,,,,,,,,,,,,,,,
burn_ev,,,,,burn_ev,lyr_burn_ev,,,,,,,,,,,,,,,,,,,
bd_method,,,,,bd_method,,,,,,,,,,,,,,,,,,,,
ph_method,,,,,ph_method,lyr_ph_method,,,,,,,,,,,,,,,,,,,
caco3,,,,,caco3,,,,,,,,,,,,,,,,,,,,
wpg2_method,,,,,wpg2_method,,,,,,,,,,,,,,,,,,,,
wpg2 ,,,,,wpg2 ,,,,,,,,,,,,,,,,,,,,
gwc,,,,,gwc,,,,,,,,,,,,,,,,,,,,
vwc,,,,,vwc,,,,,,,,,,,,,,,,,,,,
al_dith,,,,,al_dith,,,,,,,,,,,,,,,,,,,,
al_ox,,,,,al_ox,lyr_al_ox,,,,,,,,,,,,,,,,,,,
al_ox,,,,,,frc_al_ox,,,,,,,,,,,,,,,,,,,
al_other,,,,,al_other,,,,,,,,,,,,,,,,,,,,
fe_dith,,,,,fe_dith,,,,,,,,,,,,,,,,,,,,
fe_ox,,,,,fe_ox,lyr_fe_ox,,,,,,,,,,,,,,,,,,,
fe_ox,,,,,,frc_fe_ox,,,,,,,,,,,,,,,,,,,
fe_other,,,,,fe_other,,,,,,,,,,,,,,,,,,,,
mn_dith,,,,,mn_dith,,,,,,,,,,,,,,,,,,,,
mn_ox,,,,,mn_ox,,,,,,,,,,,,,,,,,,,,
mn_other,,,,,mn_other,,,,,,,,,,,,,,,,,,,,
al_fe_units,,,,,al_fe_units,,,,,,,,,,,,,,,,,,,,
al_fe_method,,,,,al_fe_method,,,,,,,,,,,,,,,,,,,,
ca_al,,,,,ca_al,,,,,,,,,,,,,,,,,,,,
ca_ext,,,,,ca_ext,,,,,,,,,,,,,,,,,,,,
k_ext,,,,,k_ext,,,,,,,,,,,,,,,,,,,,
mg_ext,,,,,mg_ext,,,,,,,,,,,,,,,,,,,,
na_ext,,,,,na_ext,,,,,,,,,,,,,,,,,,,,
bc_units,,,,,bc_units,,,,,,,,,,,,,,,,,,,,
bc_method,,,,,bc_method,,,,,,,,,,,,,,,,,,,,
base_sum,,,,,base_sum,,,,,,,,,,,,,,,,,,,,
cec_sum,,,,,cec_sum,,,,,,,,,,,,,,,,,,,,
ecec,,,,,ecec,,,,,,,,,,,,,,,,,,,,
cec_h_units,,,,,cec_h_units,,,,,,,,,,,,,,,,,,,,
bs,,,,,bs,,,,,,,,,,,,,,,,,,,,
bs_sum,,,,,bs_sum,,,,,,,,,,,,,,,,,,,,
h_ext,,,,,h_ext,,,,,,,,,,,,,,,,,,,,
zn_ext,,,,,zn_ext,,,,,,,,,,,,,,,,,,,,
metal_ext_units,,,,,metal_ext_units,,,,,,,,,,,,,,,,,,,,
metal_ext_method,,,,,metal_ext_method,,,,,,,,,,,,,,,,,,,,
p_bray,,,,,p_bray,,,,,,,,,,,,,,,,,,,,
p_ox,,,,,p_ox,,,,,,,,,,,,,,,,,,,,
p_meh,,,,,p_meh,,,,,,,,,,,,,,,,,,,,
p_other,,,,,p_other,,,,,,,,,,,,,,,,,,,,
p_units,,,,,p_units,lyr_p_units,,,,,,,,,,,,,,,,,,,
p_method,,,,,p_method,lyr_p_method,,,,,,,,,,,,,,,,,,,
fraction_c_perc,,,,,fraction_c_perc,frc_c_perc,,,,,,,,,,,,,,,,,,,
nitrogen_tot,,,,,n_tot,lyr_n_tot,,,,,,,,,,,,,,,,,,,
nitrogen_tot,,,,,,frc_n_tot,,,,,,,,,,,,,,,,,,,
c_to_n,,,,,c_to_n,lyr_c_to_n,,,,,,,,,,,,,,,,,,,
c_to_n,,,,,,frc_c_to_n,,,,,,,,,,,,,,,,,,,
loi,,,,,loi,lyr_loi,,,,,,,,,,,,,,,,,,,
root_quant_size,,,,,root_quant_size,,,,,,,,,,,,,,,,,,,,
root_weight,,,,,root_weight,,,,,,,,,,,,,,,,,,,,
15n,,,,,15n,lyr_15n,,,,,,,,,,,,,,,,,,,
15n,,,,,,frc_15n,,,,,,,,,,,,,,,,,,,
13c,,,,,13c,flx_13c,,,,,,,,,,,,,,,,,,,
13c,,,,,,lyr_13c,,,,,,,,,,,,,,,,,,,
13c,,,,,,frc_13c,,,,,,,,,,,,,,,,,,,
13c,,,,,,inc_13c,,,,,,,,,,,,,,,,,,,
rc_lab,,,,,rc_lab,flx_rc_lab,,,,,,,,,,,,,,,,,,,
rc_lab,,,,,,lyr_rc_lab,,,,,,,,,,,,,,,,,,,
rc_lab,,,,,,frc_rc_lab,,,,,,,,,,,,,,,,,,,
rc_lab,,,,,,inc_rc_lab,,,,,,,,,,,,,,,,,,,
rc_lab_number,,,,,rc_lab_number,flx_rc_lab_number,,,,,,,,,,,,,,,,,,,
rc_lab_number,,,,,,lyr_rc_lab_number,,,,,,,,,,,,,,,,,,,
rc_lab_number,,,,,,frc_rc_lab_number,,,,,,,,,,,,,,,,,,,
rc_lab_number,,,,,,inc_rc_lab_number,,,,,,,,,,,,,,,,,,,
rc_year,,,,,rc_year,flx_rc_year,,,,,,,,,,,,,,,,,,,
rc_year,,,,,,lyr_rc_year,,,,,,,,,,,,,,,,,,,
14c,,,,,14c,flx_14c,,,,,,,,,,,,,,,,,,,
14c,,,,,,lyr_14c,,,,,,,,,,,,,,,,,,,
14c,,,,,,frc_14c,,,,,,,,,,,,,,,,,,,
14c,,,,,,inc_14c,,,,,,,,,,,,,,,,,,,
14c_sigma,,,,,14c_sigma,lyr_14c_sigma,,,,,,,,,,,,,,,,,,,
14c_sigma,,,,,,flx_14c_sigma,,,,,,,,,,,,,,,,,,,
14c_sigma,,,,,,frc_14c_sigma,,,,,,,,,,,,,,,,,,,
14c_sigma,,,,,,inc_14c_sigma,,,,,,,,,,,,,,,,,,,
14c_age,,,,,14c_age,,,,,,,,,,,,,,,,,,,,
14c_age_sigma,,,,,14c_age_sigma,,,,,,,,,,,,,,,,,,,,
fraction_modern,,,,,fraction_modern,flx_fraction_modern,,,,,,,,,,,,,,,,,,,
fraction_modern,,,,,,lyr_fraction_modern,,,,,,,,,,,,,,,,,,,
fraction_modern,,,,,,frc_fraction_modern,,,,,,,,,,,,,,,,,,,
fraction_modern,,,,,,inc_fraction_modern,,,,,,,,,,,,,,,,,,,
fraction_modern_sigma,,,,,fraction_modern_sigma,flx_fraction_modern,,,,,,,,,,,,,,,,,,,
fraction_modern_sigma,,,,,,lyr_fraction_modern_sigma,,,,,,,,,,,,,,,,,,,
fraction_modern_sigma,,,,,,frc_fraction_modern_sigma,,,,,,,,,,,,,,,,,,,
fraction_modern_sigma,,,,,,inc_fraction_modern_sigma,,,,,,,,,,,,,,,,,,,
textureClass,,,,,textureClass,,,,,,,,,,,,,,,,,,,,
profile_name,,,,,profile_name,,,,,,,,,,,,,,,,,,,,
layer_name,,,,,layer_name,,,,,,,,,,,,,,,,,,,,
fraction_name,,,,,fraction_name,frc_note,,,,,,,,,,,,,,,,,,,
fraction_number,,,,,fraction_number,,,,,,,,,,,,,,,,,,,,
labeled_addition,,,,,labeled_addition,,,,,,,,,,,,,,,,,,,,
fraction_scheme,,,,,fraction_scheme,frc_scheme,,,,,,,,,,,,,,,,,,,
fraction_property,,,,,fraction_property,frc_property,,,,,,,,,,,,,,,,,,,
fraction_scheme_units,,,,,fraction_scheme_units,frc_scheme_units,,,,,,,,,,,,,,,,,,,
fraction_type,,,,,fraction_type,,,,,,,,,,,,,,,,,,,,
fraction_agent,,,,,fraction_agent,frc_agent,,,,,,,,,,,,,,,,,,,
fraction_note,,,,,fraction_note,frc_note,,,,,,,,,,,,,,,,,,,
fraction_mass_perc,,,,,fraction_mass_perc,frc_mass_perc,,,,,,,,,,,,,,,,,,,
dm_agriculture,,,,,dm_agriculture,,,,,,,,,,,,,,,,,,,,
dm_encroach,,,,,dm_encroach,,,,,,,,,,,,,,,,,,,,
dm_ext_weather,,,,,dm_ext_weather,,,,,,,,,,,,,,,,,,,,
dm_fert_m,,,,,dm_fert_m,,,,,,,,,,,,,,,,,,,,
dm_fert_o,,,,,dm_fert_o,,,,,,,,,,,,,,,,,,,,
dm_fire,,,,,dm_fire,,,,,,,,,,,,,,,,,,,,
dm_forestry,,,,,dm_forestry,,,,,,,,,,,,,,,,,,,,
dm_graze,,,,,dm_graze,,,,,,,,,,,,,,,,,,,,
dm_ins_path,,,,,dm_ins_path,,,,,,,,,,,,,,,,,,,,
dm_pesticide,,,,,dm_pesticide,,,,,,,,,,,,,,,,,,,,
dm_planting,,,,,dm_planting,,,,,,,,,,,,,,,,,,,,
dm_till,,,,,dm_till,,,,,,,,,,,,,,,,,,,,
dm_water,,,,,dm_water,,,,,,,,,,,,,,,,,,,,
dm_general,,,,,dm_general,,,,,,,,,,,,,,,,,,,,
dm_surf,,,,,dm_surf,,,,,,,,,,,,,,,,,,,,
dm_date,,,,,dm_date,,,,,,,,,,,,,,,,,,,,
dm_date_start,,,,,dm_date_start,,,,,,,,,,,,,,,,,,,,
dm_date_end,,,,,dm_date_end,,,,,,,,,,,,,,,,,,,,
dm_date_unc,,,,,dm_date_unc,,,,,,,,,,,,,,,,,,,,
dm_note,,,,,dm_note,,,,,,,,,,,,,,,,,,,,
entry_name,,,,,,entry_name,,,,,,,,,,,,,,,,,,,
site_datum,,,,,,site_datum,,,,,,,,,,,,,,,,,,,
plot_name,,,,,,plot_name,,,,,,,,,,,,,,,,,,,
pro_treatment,,,,,,pro_treatment,,,,,,,,,,,,,,,,,,,
pro_treatment_note,,,,,,pro_treatment_note,,,,,,,,,,,,,,,,,,,
pro_comp,,,,,,pro_comp,,,,,,,,,,,,,,,,,,,
pro_reps,,,,,,pro_reps,,,,,,,,,,,,,,,,,,,
pro_peatland,,,,,,pro_peatland,,,,,,,,,,,,,,,,,,,
pro_usda_soil_order,,,,,,pro_usda_soil_order,,,,,,,,,,,,,,,,,,,
pro_soil_series,,,,,,pro_soil_series,,,,,,,,,,,,,,,,,,,
pro_soil_taxon,,,,,,pro_soil_taxon,,,,,,,,,,,,,,,,,,,
pro_soil_taxon_sys,,,,,,pro_soil_taxon_sys,,,,,,,,,,,,,,,,,,,
pro_chrono_name,,,,,,pro_chrono_name,,,,,,,,,,,,,,,,,,,
pro_soil_age,,,,,,pro_soil_age,,,,,,,,,,,,,,,,,,,
pro_soil_age_note,,,,,,pro_soil_age_note,,,,,,,,,,,,,,,,,,,
pro_slope_shape,,,,,,pro_slope_shape,,,,,,,,,,,,,,,,,,,
pro_MASWC,,,,,,pro_MASWC,,,,,,,,,,,,,,,,,,,
pro_land_cover,,,,,,pro_land_cover,,,,,,,,,,,,,,,,,,,
pro_lc_phenology,,,,,,pro_lc_phenology,,,,,,,,,,,,,,,,,,,
pro_lc_leaf_type,,,,,,pro_lc_leaf_type,,,,,,,,,,,,,,,,,,,
pro_lc_photosyn_path,,,,,,pro_lc_photosyn_path,,,,,,,,,,,,,,,,,,,
pro_drainage_class,,,,,,pro_drainage_class,,,,,,,,,,,,,,,,,,,
pro_NPP,,,,,,pro_NPP,,,,,,,,,,,,,,,,,,,
pro_bedrock_depth,,,,,,pro_bedrock_depth,,,,,,,,,,,,,,,,,,,
pro_complete,,,,,,pro_complete,,,,,,,,,,,,,,,,,,,
pro_catchment_area,,,,,,pro_catchment_area,,,,,,,,,,,,,,,,,,,
pro_thaw_depth,,,,,,pro_thaw_depth,,,,,,,,,,,,,,,,,,,
pro_parent_material,,,,,,pro_parent_material,,,,,,,,,,,,,,,,,,,
pro_parent_chem,,,,,,pro_parent_chem,,,,,,,,,,,,,,,,,,,
pro_parent_material_notes,,,,,,pro_parent_material_notes,,,,,,,,,,,,,,,,,,,
pro_2d_position,,,,,,pro_2d_position,,,,,,,,,,,,,,,,,,,
pro_aspect,,,,,,pro_aspect,,,,,,,,,,,,,,,,,,,
pro_aspect_deg,,,,,,pro_aspect_deg,,,,,,,,,,,,,,,,,,,
pro_permafrost,,,,,,pro_permafrost,,,,,,,,,,,,,,,,,,,
pro_thermokarst,,,,,,pro_thermokarst,,,,,,,,,,,,,,,,,,,
pro_deforested,,,,,,pro_deforested,,,,,,,,,,,,,,,,,,,
pro_water_body,,,,,,pro_water_body,,,,,,,,,,,,,,,,,,,
pro_water_body_name,,,,,,pro_water_body_name,,,,,,,,,,,,,,,,,,,
flx_obs_date_y,,,,,,flx_obs_date_y,,,,,,,,,,,,,,,,,,,
flx_obs_date_m,,,,,,flx_obs_date_m,,,,,,,,,,,,,,,,,,,
flx_obs_date_d,,,,,,flx_obs_date_d,,,,,,,,,,,,,,,,,,,
flx_notes,,,,,,flx_notes,,,,,,,,,,,,,,,,,,,
flx_pathway,,,,,,flx_pathway,,,,,,,,,,,,,,,,,,,
flx_pathway_note,,,,,,flx_pathway_note,,,,,,,,,,,,,,,,,,,
flx_analyte,,,,,,flx_analyte,,,,,,,,,,,,,,,,,,,
flx_ecosystem_component,,,,,,flx_ecosystem_component,,,,,,,,,,,,,,,,,,,
flx_method,,,,,,flx_method,,,,,,,,,,,,,,,,,,,
flx_method_note,,,,,,flx_method_note,,,,,,,,,,,,,,,,,,,
flx_storage_method,,,,,,flx_storage_method,,,,,,,,,,,,,,,,,,,
flx_duration,,,,,,flx_duration,,,,,,,,,,,,,,,,,,,
flx_duration_units,,,,,,flx_duration_units,,,,,,,,,,,,,,,,,,,
flx_keeling_plot,,,,,,flx_keeling_plot,,,,,,,,,,,,,,,,,,,
flx_atm_correction,,,,,,flx_atm_correction,,,,,,,,,,,,,,,,,,,
flx_source_temp,,,,,,flx_source_temp,,,,,,,,,,,,,,,,,,,
flx_source_O2,,,,,,flx_source_O2,,,,,,,,,,,,,,,,,,,
flx_source_H2O,,,,,,flx_source_H2O,,,,,,,,,,,,,,,,,,,
flx_rate,,,,,,flx_rate,,,,,,,,,,,,,,,,,,,
flx_rate_sd,,,,,,flx_rate_sd,,,,,,,,,,,,,,,,,,,
flx_rate_units,,,,,,flx_rate_units,,,,,,,,,,,,,,,,,,,
flx_analyte_conc,,,,,,flx_analyte_conc,,,,,,,,,,,,,,,,,,,
flx_discharge_rate,,,,,,flx_discharge_rate,,,,,,,,,,,,,,,,,,,
flx_aquatic_ph,,,,,,flx_aquatic_ph,,,,,,,,,,,,,,,,,,,
flx_aquatic_cond,,,,,,flx_aquatic_cond,,,,,,,,,,,,,,,,,,,
flx_13c_sd,,,,,,flx_13c_sd,,,,,,,,,,,,,,,,,,,
flx_18o,,,,,,flx_18o,,,,,,,,,,,,,,,,,,,
flx_2h,,,,,,flx_2h,,,,,,,,,,,,,,,,,,,
lyr_name,,,,,,lyr_name,,,,,,,,,,,,,,,,,,,
lyr_obs_date_y,,,,,,lyr_obs_date_y,,,,,,,,,,,,,,,,,,,
lyr_obs_date_m,,,,,,lyr_obs_date_m,,,,,,,,,,,,,,,,,,,
lyr_obs_date_d,,,,,,lyr_obs_date_d,,,,,,,,,,,,,,,,,,,
lyr_all_org_neg,,,,,,lyr_all_org_neg,,,,,,,,,,,,,,,,,,,
lyr_comp,,,,,,lyr_comp,,,,,,,,,,,,,,,,,,,
lyr_igsn,,,,,,lyr_igsn,,,,,,,,,,,,,,,,,,,
lyr_color_dry,,,,,,lyr_color_dry,,,,,,,,,,,,,,,,,,,
lyr_bd_notes,,,,,,lyr_bd_notes,,,,,,,,,,,,,,,,,,,
lyr_coarse_tot,,,,,,lyr_coarse_tot,,,,,,,,,,,,,,,,,,,
lyr_coarse_size_thresh,,,,,,lyr_coarse_size_thresh,,,,,,,,,,,,,,,,,,,
lyr_coarse_density,,,,,,lyr_coarse_density,,,,,,,,,,,,,,,,,,,
lyr_texture_class,,,,,,lyr_texture_class,,,,,,,,,,,,,,,,,,,
lyr_bet_surface_area,,,,,,lyr_bet_surface_area,,,,,,,,,,,,,,,,,,,
lyr_c_inorg,,,,,,lyr_c_inorg,,,,,,,,,,,,,,,,,,,
lyr_c_org,,,,,,lyr_c_org,,,,,,,,,,,,,,,,,,,
lyr_c_tot,,,,,,lyr_c_tot,,,,,,,,,,,,,,,,,,,
lyr_ph_method,,,,,,lyr_ph_method,,,,,,,,,,,,,,,,,,,
lyr_cat_exch,,,,,,lyr_cat_exch,,,,,,,,,,,,,,,,,,,
lyr_base_sum,,,,,,lyr_base_sum,,,,,,,,,,,,,,,,,,,
lyr_cec_sum,,,,,,lyr_cec_sum,,,,,,,,,,,,,,,,,,,
lyr_ca_exch,,,,,,lyr_ca_exch,,,,,,,,,,,,,,,,,,,
lyr_na_exch,,,,,,lyr_na_exch,,,,,,,,,,,,,,,,,,,
lyr_mg_exch,,,,,,lyr_mg_exch,,,,,,,,,,,,,,,,,,,
lyr_k_exch,,,,,,lyr_k_exch,,,,,,,,,,,,,,,,,,,
lyr_ecec,,,,,,lyr_ecec,,,,,,,,,,,,,,,,,,,
lyr_bs,,,,,,lyr_bs,,,,,,,,,,,,,,,,,,,
lyr_son,,,,,,lyr_son,,,,,,,,,,,,,,,,,,,
lyr_ha_fa,,,,,,lyr_ha_fa,,,,,,,,,,,,,,,,,,,
lyr_14c_sd,,,,,,lyr_14c_sd,,,,,,,,,,,,,,,,,,,
lyr_fraction_modern_sd,,,,,,lyr_fraction_modern_sd,,,,,,,,,,,,,,,,,,,
lyr_mbc_method,,,,,,lyr_mbc_method,,,,,,,,,,,,,,,,,,,
lyr_raw_mbc,,,,,,lyr_raw_mbc,,,,,,,,,,,,,,,,,,,
lyr_reported_mbc,,,,,,lyr_reported_mbc,,,,,,,,,,,,,,,,,,,
lyr_p_ext,,,,,,lyr_p_ext,,,,,,,,,,,,,,,,,,,
lyr_si_ox,,,,,,lyr_si_ox,,,,,,,,,,,,,,,,,,,
lyr_c_ox,,,,,,lyr_c_ox,,,,,,,,,,,,,,,,,,,
lyr_p_tot,,,,,,lyr_p_tot,,,,,,,,,,,,,,,,,,,
lyr_p_stock,,,,,,lyr_p_stock,,,,,,,,,,,,,,,,,,,
lyr_fe_py,,,,,,lyr_fe_py,,,,,,,,,,,,,,,,,,,
lyr_al_py,,,,,,lyr_al_py,,,,,,,,,,,,,,,,,,,
lyr_fe_al_py,,,,,,lyr_fe_al_py,,,,,,,,,,,,,,,,,,,
lyr_si_py,,,,,,lyr_si_py,,,,,,,,,,,,,,,,,,,
lyr_c_py,,,,,,lyr_c_py,,,,,,,,,,,,,,,,,,,
lyr_py_notes,,,,,,lyr_py_notes,,,,,,,,,,,,,,,,,,,
lyr_noncrystalline_ox,,,,,,lyr_noncrystalline_ox,,,,,,,,,,,,,,,,,,,
lyr_ox_notes,,,,,,lyr_ox_notes,,,,,,,,,,,,,,,,,,,
lyr_fe_hy,,,,,,lyr_fe_hy,,,,,,,,,,,,,,,,,,,
lyr_al_hy,,,,,,lyr_al_hy,,,,,,,,,,,,,,,,,,,
lyr_si_hy,,,,,,lyr_si_hy,,,,,,,,,,,,,,,,,,,
lyr_c_hy,,,,,,lyr_c_hy,,,,,,,,,,,,,,,,,,,
lyr_hy_notes,,,,,,lyr_hy_notes,,,,,,,,,,,,,,,,,,,
lyr_fe_dith,,,,,,lyr_fe_dith,,,,,,,,,,,,,,,,,,,
lyr_al_dith,,,,,,lyr_al_dith,,,,,,,,,,,,,,,,,,,
lyr_si_dith,,,,,,lyr_si_dith,,,,,,,,,,,,,,,,,,,
lyr_dith_notes,,,,,,lyr_dith_notes,,,,,,,,,,,,,,,,,,,
lyr_quartz,,,,,,lyr_quartz,,,,,,,,,,,,,,,,,,,
lyr_alkali_feldspar,,,,,,lyr_alkali_feldspar,,,,,,,,,,,,,,,,,,,
lyr_plag_feldspar,,,,,,lyr_plag_feldspar,,,,,,,,,,,,,,,,,,,
lyr_mica_chlorite,,,,,,lyr_mica_chlorite,,,,,,,,,,,,,,,,,,,
lyr_amphibole,,,,,,lyr_amphibole,,,,,,,,,,,,,,,,,,,
lyr_pyroxine,,,,,,lyr_pyroxine,,,,,,,,,,,,,,,,,,,
lyr_olivine,,,,,,lyr_olivine,,,,,,,,,,,,,,,,,,,
lyr_volc_glass,,,,,,lyr_volc_glass,,,,,,,,,,,,,,,,,,,
lyr_kaol_halloy,,,,,,lyr_kaol_halloy,,,,,,,,,,,,,,,,,,,
lyr_smect_vermic,,,,,,lyr_smect_vermic,,,,,,,,,,,,,,,,,,,
lyr_gibbsite,,,,,,lyr_gibbsite,,,,,,,,,,,,,,,,,,,
lyr_fe_oxides,,,,,,lyr_fe_oxides,,,,,,,,,,,,,,,,,,,
lyr_imog_alloph,,,,,,lyr_imog_alloph,,,,,,,,,,,,,,,,,,,
lyr_ferrihydrite,,,,,,lyr_ferrihydrite,,,,,,,,,,,,,,,,,,,
lyr_calcite_dolomite,,,,,,lyr_calcite_dolomite,,,,,,,,,,,,,,,,,,,
lyr_zeolite,,,,,,lyr_zeolite,,,,,,,,,,,,,,,,,,,
lyr_bd_samp_fill_extra,,,,,,lyr_bd_samp_fill_extra,,,,,,,,,,,,,,,,,,,
lyr_c_org_fill_extra,,,,,,lyr_c_org_fill_extra,,,,,,,,,,,,,,,,,,,
lyr_soc_fill_extra,,,,,,lyr_soc_fill_extra,,,,,,,,,,,,,,,,,,,
lyr_14c_fill_extra,,,,,,lyr_14c_fill_extra,,,,,,,,,,,,,,,,,,,
lyr_fill_notes_extra,,,,,,lyr_fill_notes_extra,,,,,,,,,,,,,,,,,,,
fraction_input,,,,,,frc_input,,,,,,,,,,,,,,,,,,,
fraction_lower,,,,,,frc_lower,,,,,,,,,,,,,,,,,,,
fraction_upper,,,,,,frc_upper,,,,,,,,,,,,,,,,,,,
fraction_scheme_conc,,,,,,frc_scheme_conc,,,,,,,,,,,,,,,,,,,
fraction_comp,,,,,,frc_comp,,,,,,,,,,,,,,,,,,,
fraction_bet_surface_area,,,,,,frc_bet_surface_area,,,,,,,,,,,,,,,,,,,
fraction_c_tot,,,,,,frc_c_tot,,,,,,,,,,,,,,,,,,,
fraction_c_inorg,,,,,,frc_c_inorg,,,,,,,,,,,,,,,,,,,
fraction_rc_year,,,,,,frc_rc_year,,,,,,,,,,,,,,,,,,,
fraction_14c_sd,,,,,,frc_14c_sd,,,,,,,,,,,,,,,,,,,
fraction_fraction_modern_sd,,,,,,frc_fraction_modern_sd,,,,,,,,,,,,,,,,,,,
fraction_mbc_method,,,,,,frc_mbc_method,,,,,,,,,,,,,,,,,,,
fraction_raw_mbc,,,,,,frc_raw_mbc,,,,,,,,,,,,,,,,,,,
fraction_reported_mbc,,,,,,frc_reported_mbc,,,,,,,,,,,,,,,,,,,
fraction_fe_py,,,,,,frc_fe_py,,,,,,,,,,,,,,,,,,,
fraction_al_py,,,,,,frc_al_py,,,,,,,,,,,,,,,,,,,
fraction_fe_al_py,,,,,,frc_fe_al_py,,,,,,,,,,,,,,,,,,,
fraction_si_py,,,,,,frc_si_py,,,,,,,,,,,,,,,,,,,
fraction_c_py,,,,,,frc_c_py,,,,,,,,,,,,,,,,,,,
fraction_py_notes,,,,,,frc_py_notes,,,,,,,,,,,,,,,,,,,
fraction_si_ox,,,,,,frc_si_ox,,,,,,,,,,,,,,,,,,,
fraction_c_ox,,,,,,frc_c_ox,,,,,,,,,,,,,,,,,,,
fraction_noncrystalline_ox,,,,,,frc_noncrystalline_ox,,,,,,,,,,,,,,,,,,,
fraction_ox_notes,,,,,,frc_ox_notes,,,,,,,,,,,,,,,,,,,
fraction_fe_hy,,,,,,frc_fe_hy,,,,,,,,,,,,,,,,,,,
fraction_al_hy,,,,,,frc_al_hy,,,,,,,,,,,,,,,,,,,
fraction_si_hy,,,,,,frc_si_hy,,,,,,,,,,,,,,,,,,,
fraction_c_hy,,,,,,frc_c_hy,,,,,,,,,,,,,,,,,,,
fraction_hy_notes,,,,,,frc_hy_notes,,,,,,,,,,,,,,,,,,,
fraction_fe_dith,,,,,,frc_fe_dith,,,,,,,,,,,,,,,,,,,
fraction_al_dith,,,,,,frc_al_dith,,,,,,,,,,,,,,,,,,,
fraction_si_dith,,,,,,frc_si_dith,,,,,,,,,,,,,,,,,,,
fraction_quartz,,,,,,frc_quartz,,,,,,,,,,,,,,,,,,,
fraction_alkali_feldspar,,,,,,frc_alkali_feldspar,,,,,,,,,,,,,,,,,,,
fraction_plag_feldspar,,,,,,frc_plag_feldspar,,,,,,,,,,,,,,,,,,,
fraction_mica_chlorite,,,,,,frc_mica_chlorite,,,,,,,,,,,,,,,,,,,
fraction_amphibole,,,,,,frc_amphibole,,,,,,,,,,,,,,,,,,,
fraction_pyroxine,,,,,,frc_pyroxine,,,,,,,,,,,,,,,,,,,
fraction_olivine,,,,,,frc_olivine,,,,,,,,,,,,,,,,,,,
fraction_volc_glass,,,,,,frc_volc_glass,,,,,,,,,,,,,,,,,,,
fraction_kaol_halloy,,,,,,frc_kaol_halloy,,,,,,,,,,,,,,,,,,,
fraction_smect_vermic,,,,,,frc_smect_vermic,,,,,,,,,,,,,,,,,,,
fraction_gibbsite,,,,,,frc_gibbsite,,,,,,,,,,,,,,,,,,,
fraction_fe_oxides,,,,,,frc_fe_oxides,,,,,,,,,,,,,,,,,,,
fraction_imog_alloph,,,,,,frc_imog_alloph,,,,,,,,,,,,,,,,,,,
fraction_ferrihydrite,,,,,,frc_ferrihydrite,,,,,,,,,,,,,,,,,,,
fraction_zeolite,,,,,,frc_zeolite,,,,,,,,,,,,,,,,,,,
incubation_name,,,,,,inc_name,,,,,,,,,,,,,,,,,,,
incubation_type,,,,,,inc_type,,,,,,,,,,,,,,,,,,,
incubation_note,,,,,,inc_note,,,,,,,,,,,,,,,,,,,
incubation_duration,,,,,,inc_duration,,,,,,,,,,,,,,,,,,,
incubation_duration_type,,,,,,inc_duration_type,,,,,,,,,,,,,,,,,,,
incubation_anaerobic,,,,,,inc_anaerobic,,,,,,,,,,,,,,,,,,,
incubation_analyte,,,,,,inc_analyte,,,,,,,,,,,,,,,,,,,
incubation_temp,,,,,,inc_temp,,,,,,,,,,,,,,,,,,,
incubation_moisture_type,,,,,,inc_moisture_type,,,,,,,,,,,,,,,,,,,
incubation_moisture,,,,,,inc_moisture,,,,,,,,,,,,,,,,,,,
incubation_moisture_units,,,,,,inc_moisture_units,,,,,,,,,,,,,,,,,,,
incubation_C_respired,,,,,,inc_C_respired,,,,,,,,,,,,,,,,,,,
incubation_flux,,,,,,inc_flux,,,,,,,,,,,,,,,,,,,
incubation_flux_units,,,,,,inc_flux_units,,,,,,,,,,,,,,,,,,,
incubation_13c_sd,,,,,,inc_13c_sd,,,,,,,,,,,,,,,,,,,
incubation_rc_year,,,,,,inc_rc_year,,,,,,,,,,,,,,,,,,,
incubation_14c_sd,,,,,,inc_14c_sd,,,,,,,,,,,,,,,,,,,
incubation_fraction_modern_sd,,,,,,inc_fraction_modern_sd,,,,,,,,,,,,,,,,,,,
curator_name,,,,,curator_name,,,,,,,,,,,,,,,,,,,,
curator_organization,,,,,curator_organization,,,,,,,,,,,,,,,,,,,,
curator_email,,,,,curator_email,,,,,,,,,,,,,,,,,,,,
modification_date,,,,,modification_date,,,,,,,,,,,,,,,,,,,,
contact_name,,,,,contact_name,,,,,,,,,,,,,,,,,,,,
contact_email,,,,,contact_email,,,,,,,,,,,,,,,,,,,,
dataset_name,,,,,dataset_name,,,,,,,,,,,,,,,,,,,,
dataset_description,,,,,dataset_description,,,,,,,,,,,,,,,,,,,,
reference,,,,,reference,,,,,,,,,,,,,,,,,,,,
acknowledgement,,,,,acknowledgement,,,,,,,,,,,,,,,,,,,,
acknowledgement_usage,,,,,acknowledgement_usage,,,,,,,,,,,,,,,,,,,,
c_est_method,,,,,c_est_method,,,,,,,,,,,,,,,,,,,,
c_est_note,,,,,c_est_note,,,,,,,,,,,,,,,,,,,,
lab_method,,,,,lab_method,,,,,,,,,,,,,,,,,,,,
metadata_general,,,,,metadata_general,,,,,,,,,,,,,,,,,,,,
missdata_param,,,,,missdata_param,,,,,,,,,,,,,,,,,,,,
resample,,,,,resample,,,,,,,,,,,,,,,,,,,,