"","data_product","data_table","data_column","variable","data_type","questions"
"1","ISCN3","layer","13c (‰)","13c","value_number","NA"
"2","ISCN3","layer","14c (‰)","14c","value_number","NA"
"3","ISCN3","layer","14c_sigma (‰)","14c","sigma","NA"
"4","ISCN3","layer","14c_age (BP)","age","value_number","NA"
"5","ISCN3","layer","14c_age_sigma (BP)","age","sigma","NA"
"6","ISCN3","layer","15n (‰)","15n","value_number","NA"
"7","ISCN3","profile","2d_position (2d_position)","2d_position","value_factor","NA"
"8","ISCN3","citation","acknowledgement","acknowledgement","value_string","NA"
"9","ISCN3","citation","acknowledgement_usage","acknowledgement_usage","value_string","NA"
"10","ISCN3","layer","al_dith (specified by al_fe_units)","extractable_al","value_number","NA"
"11","ISCN3","layer","al_other (specified by al_fe_units)","extractable_al","value_number","NA"
"12","ISCN3","layer","al_ox (specified by al_fe_units)","extractable_al","value_number","NA"
"13","ISCN3","layer","al_fe_units (extract_units)","extractable_al","unit","NA"
"14","ISCN3","layer","al_fe_method","extractable_al","method","NA"
"15","ISCN3","profile","aspect_deg","aspect_degree","value_number","NA"
"16","ISCN3","layer","base_sum (specified by cec_h_units)","base_sum","value_number","NA"
"17","ISCN3","layer","cec_h_units (extract_units)","base_sum","unit","NA"
"18","ISCN3","layer","bs (percent)","base_saturation","value_number","NA"
"19","ISCN3","layer","bs_sum (percent)","base_saturation_sum","value_number","NA"
"20","ISCN3","layer","bd_method","bulk_density","method","NA"
"21","ISCN3","layer","bdNRCS_prep_code","bulk_density","method","NA"
"22","ISCN3","layer","bd_other (g cm-3)","bulk_density","value_number","NA"
"23","ISCN3","layer","bd_samp (g cm-3)","bulk_density","value_number","NA"
"24","ISCN3","layer","bd_tot (g cm-3)","bulk_density","value_number","NA"
"25","ISCN3","layer","bd_whole (g cm-3)","bulk_density","value_number","NA"
"26","ISCN3","layer","c_to_n (mass ratio)","c_to_n","value_number","NA"
"27","ISCN3","layer","cNRCS_prep_code","total_carbon","method","NA"
"28","ISCN3","layer","c_method","total_carbon","method","NA"
"29","ISCN3","layer","c_tot (percent)","total_carbon","value_number","NA"
"30","ISCN3","layer","ca_al (specified by bc_units)","ca_al","value_number","NA"
"31","ISCN3","layer","bc_units (extract_units)","ca_al","unit","NA"
"32","ISCN3","layer","bc_method","ca_al","method","NA"
"33","ISCN3","layer","ca_ext (specified by bc_units)","ca_ext","value_number","NA"
"34","ISCN3","layer","bc_units (extract_units)","ca_ext","unit","NA"
"35","ISCN3","layer","bc_method","ca_ext","method","NA"
"36","ISCN3","layer","caco3 (percent)","caco3","value_number","NA"
"37","ISCN3","layer","cat_exch (cmol H+ kg-1)","cation_exchange_capacity","value_number","NA"
"38","ISCN3","layer","cec_sum (specified by cec_h_units)","exchangeable_cations_sum","value_number","NA"
"39","ISCN3","layer","cec_h_units (extract_units)","exchangeable_cations_sum","unit","NA"
"40","ISCN3","citation","citation","citation","value_string","NA"
"41","ISCN3","citation","citation_usage","citation","value_string","NA"
"42","ISCN3","layer","clay_tot_psa (percent)","clay","value_number","NA"
"43","ISCN3","layer","color","color","value_string","NA"
"44","ISCN3","dataset","contact_email","contact_email","value_string","NA"
"45","ISCN3","dataset","contact_name","contact_name","value_string","NA"
"46","ISCN3","profile","country (country)","country","value_string","NA"
"47","ISCN3","layer","country (country)","country","value_string","NA"
"48","ISCN3","citation","curator_email","curator_email","value_string","NA"
"49","ISCN3","dataset","curator_email","curator_email","value_string","NA"
"50","ISCN3","citation","curator_name","curator_name","value_string","NA"
"51","ISCN3","dataset","curator_name","curator_name","value_string","NA"
"52","ISCN3","citation","curator_organization","curator_organization","value_string","NA"
"53","ISCN3","dataset","curator_organization","curator_organization","value_string","NA"
"54","ISCN3","dataset","dataset_description","dataset_description","value_string","NA"
"55","ISCN3","citation","dataset_name","dataset_name","id","NA"
"56","ISCN3","dataset","dataset_name","dataset_name","id","NA"
"57","ISCN3","profile","dataset_name_sub","dataset_name","id","NA"
"58","ISCN3","layer","dataset_name_sub","dataset_name","id","NA"
"59","ISCN3","citation","dataset_type (dataset_type)","dataset_type","value_string","NA"
"60","ISCN3","dataset","dataset_type (dataset_type)","dataset_type","value_string","NA"
"61","ISCN3","profile","datum (datum)","datum","value_string","NA"
"62","ISCN3","layer","datum (datum)","datum","value_string","NA"
"63","ISCN3","profile","drainagecl (drainage)","drainage_class","value_string","NA"
"64","ISCN3","layer","ecec (specified by cec_h_units)","effective_cation_exchange_capacity","value_number","NA"
"65","ISCN3","layer","cec_h_units (extract_units)","effective_cation_exchange_capacity","unit","NA"
"66","ISCN3","profile","ecoregion","ecoregion","value_string","NA"
"67","ISCN3","profile","elevation (m)","elevation","value_number","NA"
"68","ISCN3","layer","fe_dith (specified by al_fe_units)","extractable_fe","value_number","NA"
"69","ISCN3","layer","fe_other (specified by al_fe_units)","extractable_fe","value_number","NA"
"70","ISCN3","layer","fe_ox (specified by al_fe_units)","extractable_fe","value_number","NA"
"71","ISCN3","layer","al_fe_units (extract_units)","extractable_fe","unit","NA"
"72","ISCN3","layer","al_fe_method","extractable_fe","method","NA"
"73","ISCN3","layer","fraction_modern","fraction_modern","value_number","NA"
"74","ISCN3","layer","fraction_modern_sigma","fraction_modern","sigma","NA"
"75","ISCN3","layer","h_ext (specified by metal_ext_units)","h_ext","value_number","What does ISCN3::h_ext mean?"
"76","ISCN3","layer","metal_ext_units (extract_units)","h_ext","unit","NA"
"77","ISCN3","layer","metal_ext_method","h_ext","method","NA"
"78","ISCN3","layer","hzn","horizon","value_string","NA"
"79","ISCN3","layer","hzn_desgn","horizon_designation","value_string","NA"
"80","ISCN3","layer","hzn_desgn_other","horizon_designation_other","value_string","NA"
"81","ISCN3","layer","k_ext (specified by bc_units)","k_ext","value_number","NA"
"82","ISCN3","layer","bc_units (extract_units)","k_ext","unit","NA"
"83","ISCN3","layer","bc_method","k_ext","method","NA"
"84","ISCN3","profile","landform (landform)","landform","value_factor","NA"
"85","ISCN3","profile","landform_note","landform","note",NA
"86","ISCN3","profile","landscape (landscape)","landscape","value_factor","NA"
"87","ISCN3","profile","landuse (landsat)","landuse","value_factor","NA"
"88","ISCN3","profile","lat (dec. deg)","latitude","value_number","NA"
"89","ISCN3","layer","lat (dec. deg)","latitude","value_number","NA"
"90","ISCN3","dataset","soc_lcount_ISCN","soil_organic_carbon_ISCN_count","value_number","NA"
"91","ISCN3","layer","layer_bot (cm)","depth_lower","value_number","NA"
"92","ISCN3","profile","carbon_lcount","carbon_count","value_number","NA"
"93","ISCN3","dataset","total_lcount","total_count","value_number","NA"
"94","ISCN3","profile","total_lcount","total_count","value_number","NA"
"95","ISCN3","layer","layer_name","layer_name","id","NA"
"96","ISCN3","layer","layer_note","layer_note","note","NA"
"97","ISCN3","dataset","soc_lcount","soil_organic_carbon_count","method","NA"
"98","ISCN3","profile","soc_lcount","soil_organic_carbon_count","method","NA"
"99","ISCN3","layer","layer_top (cm)","depth_upper","value_number","NA"
"100","ISCN3","profile","locator_alias","locator_alias","value_string","?"
"101","ISCN3","profile","locator_parent_alias","locator_parent_alias","value_string","?"
"102","ISCN3","layer","locator_parent_alias","locator_parent_alias","value_string","?"
"103","ISCN3","layer","loi (percent)","loss_on_ignition","value_number","NA"
"104","ISCN3","profile","long (dec. deg)","longitude","value_number","NA"
"105","ISCN3","layer","long (dec. deg)","longitude","value_number","NA"
"106","ISCN3","profile","map (mm)","mean_annual_precipitation","value_number","NA"
"107","ISCN3","profile","mat (°C)","mean_annual_temperature","value_number","NA"
"108","ISCN3","layer","mg_ext (specified by bc_units)","mg_ext","value_number","What does ISCN3::mg_ext mean?"
"109","ISCN3","layer","bc_units (extract_units)","mg_ext","unit","NA"
"110","ISCN3","layer","bc_method","mg_ext","method","NA"
"111","ISCN3","layer","mn_dith (specified by al_fe_units)","extractable_mn","value_number","NA"
"112","ISCN3","layer","mn_other (specified by al_fe_units)","extractable_mn","value_number","NA"
"113","ISCN3","layer","mn_ox (specified by al_fe_units)","extractable_mn","value_number","NA"
"114","ISCN3","layer","al_fe_units (extract_units)","extractable_mn","unit","NA"
"115","ISCN3","layer","al_fe_method","extractable_mn","method","NA"
"116","ISCN3","citation","modification_date (YYYY-MM-DD)","modification_date","value_date","NA"
"117","ISCN3","dataset","modification_date (YYYY-MM-DD)","modification_date","value_date","NA"
"118","ISCN3","layer","n_tot (percent)","nitrogen_total","value_number","NA"
"119","ISCN3","layer","na_ext (specified by bc_units)","extractable_na","value_number","NA"
"120","ISCN3","layer","bc_units (extract_units)","extractable_na","unit","NA"
"121","ISCN3","layer","bc_method","extractable_na","method","NA"
"122","ISCN3","profile","observation_date (YYYY-MM-DD)","observation_date","value_date","NA"
"123","ISCN3","layer","observation_date (YYYY-MM-DD)","observation_date","value_date","NA"
"124","ISCN3","layer","oc (percent)","carbon_organic","value_number","NA"
"125","ISCN3","layer","p_bray (specified by p_units)","extractable_p","value_number","NA"
"126","ISCN3","layer","p_meh (specified by p_units)","extractable_p","value_number","NA"
"127","ISCN3","layer","p_other (specified by p_units)","extractable_p","value_number","NA"
"128","ISCN3","layer","p_ox (specified by p_units)","extractable_p","value_number","NA"
"129","ISCN3","layer","p_units (extract_units)","extractable_p","unit","NA"
"130","ISCN3","layer","p_method","extractable_p","method","NA"
"131","ISCN3","layer","ph_method","pH","method","NA"
"132","ISCN3","layer","ph_cacl","pH","value_number","NA"
"133","ISCN3","layer","ph_h2o","pH","value_number","NA"
"134","ISCN3","layer","ph_other","pH","value_number","NA"
"135","ISCN3","dataset","soc_pcount_ISCN","soil_organic_carbon_ISCN_count","method","NA"
"136","ISCN3","profile","layer_bot (cm)","depth_lower","value_number","NA"
"137","ISCN3","dataset","total_pcount","total_count","method","NA"
"138","ISCN3","profile","profile_name","profile_name","id","NA"
"139","ISCN3","layer","profile_name","profile_name","id","NA"
"140","ISCN3","profile","dataset_name_soc","soil_organic_carbon","method","NA"
"141","ISCN3","profile","soc (g cm-2)","soil_organic_carbon","value_number","NA"
"142","ISCN3","profile","soc_method","soil_organic_carbon","method","NA"
"143","ISCN3","profile","soc_carbon_flag","soil_organic_carbon","value_factor","NA"
"144","ISCN3","dataset","soc_pcount","soil_organic_carbon_count","method","NA"
"145","ISCN3","profile","soc_depth (cm)","soil_organic_carbon_depth","value_number","NA"
"146","ISCN3","profile","soc_spatial_flag","soil_organic_carbon_spatial_flag","value_factor","NA"
"147","ISCN3","profile","layer_top (cm)","depth_upper","value_number","NA"
"148","ISCN3","profile","profile_zero_ref (profile_zero_ref)","zero_reference","value_string","NA"
"149","ISCN3","citation","reference","reference","value_string","NA"
"150","ISCN3","layer","root_quant_size","root_quant_size","value_number","NA"
"151","ISCN3","layer","root_weight (g)","root_weight","value_number","NA"
"152","ISCN3","profile","runoff (runoff)","runoff","value_factor","NA"
"153","ISCN3","layer","sand_tot_psa (percent)","sand","value_number","NA"
"154","ISCN3","layer","silt_tot_psa (percent)","silt","value_number","NA"
"155","ISCN3","dataset","soc_scount_ISCN","soil_organic_carbon_ISCN_count","value_number","NA"
"156","ISCN3","dataset","total_scount","total_site_count","value_number","NA"
"157","ISCN3","profile","site_name","site","id","NA"
"158","ISCN3","layer","site_name","site","id","NA"
"159","ISCN3","profile","site_note","site_description","note","NA"
"160","ISCN3","profile","site_perm (site_perm)","site_permeability","value_factor",NA
"161","ISCN3","dataset","soc_scount","soil_organic_carbon_count","value_number","NA"
"162","ISCN3","profile","slope (percent)","slope","value_number","NA"
"163","ISCN3","layer","dataset_name_soc","soil_organic_carbon","method","NA"
"164","ISCN3","layer","soc (g cm-2)","soil_organic_carbon","value_number","NA"
"165","ISCN3","layer","soc_carbon_flag","soil_organic_carbon","flag","NA"
"166","ISCN3","layer","soc_method","soil_organic_carbon","method","NA"
"167","ISCN3","profile","soil_series","soil_series","value_string","NA"
"168","ISCN3","layer","soil_series","soil_series","value_string","NA"
"169","ISCN3","profile","soil_taxon","soil_taxon","value_string","NA"
"170","ISCN3","layer","soil_taxon","soil_taxon","value_string","NA"
"171","ISCN3","profile","state (state_province)","state","value_factor","NA"
"172","ISCN3","layer","state (state_province)","state","value_factor","NA"
"173","ISCN3","profile","surface_veg","surface_vegetation","value_string","NA"
"174","ISCN3","layer","textureClass","soil_texture_class","value_factor","NA"
"175","ISCN3","profile","thaw_depth_profile (cm)","thaw_depth","value_number","NA"
"176","ISCN3","profile","vegclass_local","vegetation_class","value_factor","NA"
"177","ISCN3","layer","vegclass_local","vegetation_class","value_factor","NA"
"178","ISCN3","layer","wpg2_method","coarse_fraction","method","NA"
"179","ISCN3","layer","wpg2 (percent)","coarse_fraction","value_number","NA"
"180","ISCN3","layer","zn_ext (specified by metal_ext_units)","extractable_zn","value_number","NA"
"181","ISCN3","layer","metal_ext_units (extract_units)","extractable_zn","unit","NA"
"182","ISCN3","layer","metal_ext_method","extractable_zn","method","NA"
"183","ISCNTemplate","metadata","curator_name","curator_name","value_string","NA"
"184","ISCNTemplate","metadata","curator_organization","curator_organization","value_string","NA"
"185","ISCNTemplate","metadata","curator_email","curator_email","value_string","NA"
"186","ISCNTemplate","metadata","modification_date","modification_date","value_date","NA"
"187","ISCNTemplate","metadata","contact_name","contact_name","value_string","NA"
"188","ISCNTemplate","metadata","contact_email","contact_email","value_string","NA"
"189","ISCNTemplate","metadata","dataset_name","dataset_name","id","NA"
"190","ISCNTemplate","metadata","dataset_description","dataset_description","value_string","NA"
"191","ISCNTemplate","metadata","reference","reference","value_string","NA"
"192","ISCNTemplate","metadata","citation","citation","value_string","NA"
"193","ISCNTemplate","metadata","citation_usage","citation_usage","value_string","NA"
"194","ISCNTemplate","metadata","acknowledgement","acknowledgement","value_string","NA"
"195","ISCNTemplate","metadata","acknowledgement_usage","acknowledgement_usage","value_string","NA"
"196","ISCNTemplate","metadata","c_est_method","carbon_estimation","method","NA"
"197","ISCNTemplate","metadata","c_est_note","carbon_estimation","note","NA"
"198","ISCNTemplate","metadata","lab_method","lab_method","method","NA"
"199","ISCNTemplate","metadata","metadata_general","metadata_general","value_string","NA"
"200","ISCNTemplate","metadata","missdata_param","missdata_param","value_string","NA"
"201","ISCNTemplate","metadata","resample","resample","value_string","NA"
"202","ISCNTemplate","metadata","funding_organization","funding_agency","value_string","NA"
"203","ISCNTemplate","site","site_name","site_name","id","NA"
"204","ISCNTemplate","site","site_note","site_description","note","NA"
"205","ISCNTemplate","site","country","country","value_factor","NA"
"206","ISCNTemplate","site","province","province","value_factor","NA"
"207","ISCNTemplate","site","state","state","value_factor","NA"
"208","ISCNTemplate","site","county","county","value_factor","NA"
"209","ISCNTemplate","site","lat","latitude","value_number","NA"
"210","ISCNTemplate","site","long","longitude","value","NA"
"211","ISCNTemplate","site","datum","datum","method","NA"
"212","ISCNTemplate","site","location_acc","location_accuracy","value_number","NA"
"213","ISCNTemplate","site","elevation","elevation","value_number","NA"
"214","ISCNTemplate","site","vegclass_nat","vegetation_class","value_factor","NA"
"215","ISCNTemplate","site","vegclass","vegetation_class","value_factor","NA"
"216","ISCNTemplate","site","vegclass_local","vegetation_class","value_factor","NA"
"217","ISCNTemplate","site","vegclass_local_type","vegetation_class","method","NA"
"218","ISCNTemplate","site","veg_note","vegetation_class","note","NA"
"219","ISCNTemplate","site","landscape","landscape","value_factor","NA"
"220","ISCNTemplate","site","landform","landform","value_factor","NA"
"221","ISCNTemplate","site","2d_position","2d_position","value_factor","NA"
"222","ISCNTemplate","site","landform_note","landform","note","NA"
"223","ISCNTemplate","site","parent","parent","value_string","NA"
"224","ISCNTemplate","site","aspect_deg","aspect_degree","value_number","NA"
"225","ISCNTemplate","site","aspect_cl","aspect_class","value_factor","NA"
"226","ISCNTemplate","site","slope","slope","value_number","NA"
"227","ISCNTemplate","site","stand_age","max_stand_age","value_number","NA"
"228","ISCNTemplate","site","stand_maturity","stand_maturity","value_string","NA"
"229","ISCNTemplate","site","successional_status","successional_status","value_string","NA"
"230","ISCNTemplate","site","drainagecl","drainage_class","value_factor","NA"
"231","ISCNTemplate","site","depth_water","depth_water","value_number","NA"
"232","ISCNTemplate","site","thaw_depth_site","depth_site_thaw","value_number","NA"
"233","ISCNTemplate","site","bedrock_depth","depth_bedrock","value_number","NA"
"234","ISCNTemplate","site","climate_station","climate_station","value_string","NA"
"235","ISCNTemplate","site","ffdays","frost_free_days","value_number","NA"
"236","ISCNTemplate","site","flood_freq","flood_frequency","value_string","NA"
"237","ISCNTemplate","site","geo_form","geologic_formation","value_string","NA"
"238","ISCNTemplate","site","map","mean_annual_precipitation","value_number","NA"
"239","ISCNTemplate","site","mat","mean_annual_temperature","value_number","NA"
"240","ISCNTemplate","site","mast","mean_annual_soil_temperature","value_number","NA"
"241","ISCNTemplate","site","pond_freq","ponding_frequency","value_string","NA"
"242","ISCNTemplate","site","runoff","runoff","value_factor","NA"
"243","ISCNTemplate","site","site_perm","site_permeability","value_string","NA"
"244","ISCNTemplate","site","water_table_duration","water_table_duration","value_number","NA"
"245","ISCNTemplate","site","cflux_note","carbon_flux_note","note","NA"
"246","ISCNTemplate","site","climate_note","climate_note","note","NA"
"247","ISCNTemplate","site","eco_note","ecoregion_note","note","NA"
"248","ISCNTemplate","site","photo_note","photo_note","noe","NA"
"249","ISCNTemplate","site","soiltemp_note","soil_temperature_note","note","NA"
"250","ISCNTemplate","site","add_note","additional_notes","note","NA"
"251","ISCNTemplate","site","soc","soil_organic_carbon","value_number","NA"
"252","ISCNTemplate","site","soc_type","soil_type","value_factor","NA"
"253","ISCNTemplate","site","soc_pcount","soil_organic_carbon_count","value_string","NA"
"254","ISCNTemplate","site","soc_depth","soil_organic_carbon_depth","value_number","NA"
"255","ISCNTemplate","site","soc_sigma","soil_organic_carbon","sigma","NA"
"256","ISCNTemplate","site","soc_method","soil_organic_carbon","method","NA"
"257","ISCNTemplate","cluster","cluster_name","cluster_name","id","NA"
"258","ISCNTemplate","cluster","cluster_note","cluster_note","note","NA"
"259","ISCNTemplate","profile","site_name","site_name","id","NA"
"260","ISCNTemplate","profile","cluster_name","cluster_name","id","NA"
"261","ISCNTemplate","profile","profile_name","profile_name","id","NA"
"262","ISCNTemplate","profile","profile_note","profile_note","note","NA"
"263","ISCNTemplate","profile","layer_method","layer_method","method","NA"
"264","ISCNTemplate","profile","profile_method","profile_method","method","NA"
"265","ISCNTemplate","profile","observation_date","observation_date","value_date","NA"
"266","ISCNTemplate","profile","observation_date_acc","observation_date","accuracy","NA"
"267","ISCNTemplate","profile","transect_flag","transect_flag","value_factor","NA"
"268","ISCNTemplate","profile","surface_veg","surface_vegetation","value_string","NA"
"269","ISCNTemplate","profile","soil_taxon","soil_taxon","value_string","NA"
"270","ISCNTemplate","profile","soil_series","soil_series","value_string","NA"
"271","ISCNTemplate","profile","add_taxon_flag","add_taxon_flag","value_factor","NA"
"272","ISCNTemplate","profile","thaw_depth_profile","thaw_depth_profile","value_number","NA"
"273","ISCNTemplate","profile","sampler_names","sampler_names","value_string","NA"
"274","ISCNTemplate","profile","soc","soil_organic_carbon","value_number","NA"
"275","ISCNTemplate","profile","soc_type","soil_type","value_factor","NA"
"276","ISCNTemplate","profile","soc_depth","soil_organic_carbon_depth","value_number","NA"
"277","ISCNTemplate","profile","soc_method","soil_organic_carbon","method","NA"
"278","ISCNTemplate","profile","soc_sigma","soil_organic_carbon","sigma","NA"
"279","ISCNTemplate","profile","soc_lcount","soil_organic_carbon_count","value_number","NA"
"280","ISCNTemplate","layer","site_name","site_name","id","NA"
"281","ISCNTemplate","layer","cluster_name","cluster_name","id","NA"
"282","ISCNTemplate","layer","profile_name","profile_name","id","NA"
"283","ISCNTemplate","layer","layer_name","layer_name","id","NA"
"284","ISCNTemplate","layer","layer_number","layer_number","value_string","NA"
"285","ISCNTemplate","layer","labeled_addition","labeled_addition","value_string","NA"
"286","ISCNTemplate","layer","layer_top","depth_top","value_number","NA"
"287","ISCNTemplate","layer","layer_bot","depth_bottom","value_number","NA"
"288","ISCNTemplate","layer","hzn_desgn","horizon_designation","value_string","NA"
"289","ISCNTemplate","layer","hzn_desgn_other","horizon_designation_other","value_string","NA"
"290","ISCNTemplate","layer","hzn_desgn_other_note","horizon_designation_other","note","NA"
"291","ISCNTemplate","layer","layer_note","layer_note","value_string","NA"
"292","ISCNTemplate","layer","c_method","soil_organic_carbon","method","NA"
"293","ISCNTemplate","layer","c_method","total_carbon","method","NA"
"294","ISCNTemplate","layer","color","color","value_string","NA"
"295","ISCNTemplate","layer","burn_ev","burn_evidence","value_string","NA"
"296","ISCNTemplate","layer","bd_method","bulk_density","method","NA"
"297","ISCNTemplate","layer","bd_samp","bulk_density","value_number","NA"
"298","ISCNTemplate","layer","bd_tot","bulk_density","value_number","NA"
"299","ISCNTemplate","layer","bd_whole","bulk_density","value_number","NA"
"300","ISCNTemplate","layer","bd_other","bulk_density","value_number","NA"
"301","ISCNTemplate","layer","ph_method","ph","method","NA"
"302","ISCNTemplate","layer","ph_cacl","ph","value_number","NA"
"303","ISCNTemplate","layer","ph_h2o","ph","value_number","NA"
"304","ISCNTemplate","layer","ph_other","ph","value_number","NA"
"305","ISCNTemplate","layer","caco3","caco3","value_number","NA"
"306","ISCNTemplate","layer","sand_tot_psa","sand","value_number","NA"
"307","ISCNTemplate","layer","silt_tot_psa","silt","value_number","NA"
"308","ISCNTemplate","layer","clay_tot_psa","clay","value_number","NA"
"309","ISCNTemplate","layer","wpg2_method","coarse_fraction","method","NA"
"310","ISCNTemplate","layer","wpg2","coarse_fraction","value","NA"
"311","ISCNTemplate","layer","cat_exch","cation_exchange_capacity","value_number","NA"
"312","ISCNTemplate","layer","gwc","gravimetric_water_content","value_number","NA"
"313","ISCNTemplate","layer","vwc","volumetric_water_content","value_number","NA"
"314","ISCNTemplate","layer","soc","soil_organic_carbon","value_number","NA"
"315","ISCNTemplate","layer","soc_type","soil_type","value_factor","NA"
"316","ISCNTemplate","layer","soc_sigma","soil_organic_carbon","sigma","NA"
"317","ISCNTemplate","layer","soc_method","soil_organic_carbon","method","NA"
"318","ISCNTemplate","layer","c_tot","total_carbon","value_number","NA"
"319","ISCNTemplate","layer","c_method","total_carbon","method","NA"
"320","ISCNTemplate","layer","oc","carbon_organic","value_number","NA"
"321","ISCNTemplate","layer","c_method","carbon_organic","method","NA"
"322","ISCNTemplate","layer","n_tot","nitrogen_total","value_number","NA"
"323","ISCNTemplate","layer","c_to_n","carbon_to_nitrogen","value_number","NA"
"324","ISCNTemplate","layer","loi","loss_on_ignition","value_number","NA"
"325","ISCNTemplate","layer","root_quant_size","root_quant_size","value_string","???type"
"326","ISCNTemplate","layer","root_weight","root_weight","value_number","NA"
"327","ISCNTemplate","layer","15n","15n","value_number","NA"
"328","ISCNTemplate","layer","13c","13c","value_number","NA"
"329","ISCNTemplate","layer","rc_lab","radiocarbon_lab","value_string","NA"
"330","ISCNTemplate","layer","rc_lab_number","radiocarbon_lab_number","value_number","NA"
"331","ISCNTemplate","layer","rc_year","radiocarbon_lab_year","value_number","NA"
"332","ISCNTemplate","layer","14c","14c","value_number","NA"
"333","ISCNTemplate","layer","14c_sigma","14c","sigma","NA"
"334","ISCNTemplate","layer","14c_age","age","value_number","NA"
"335","ISCNTemplate","layer","14c_age_sigma","age","sigma","NA"
"336","ISCNTemplate","layer","fraction_modern","fraction_modern","value_string","type??"
"337","ISCNTemplate","layer","fraction_modern_sigma","fraction_modern","sigma","NA"
"338","ISCNTemplate","layer","textureClass","soil_texture_class","value_factor","NA"
"339","ISCNTemplate","fraction","site_name","site","id","NA"
"340","ISCNTemplate","fraction","cluster_name","cluster_name","id","NA"
"341","ISCNTemplate","fraction","profile_name","profile_name","id","NA"
"342","ISCNTemplate","fraction","layer_name","layer_name","id","NA"
"343","ISCNTemplate","fraction","fraction_name","fraction_name","id","NA"
"344","ISCNTemplate","fraction","fraction_number","fraction_number","value_string","NA"
"345","ISCNTemplate","fraction","labeled_addition","labeled_addition","value_string","NA"
"346","ISCNTemplate","fraction","fraction_scheme","fraction_scheme","value_string","NA"
"347","ISCNTemplate","fraction","fraction_property","fraction_property","value_string","NA"
"348","ISCNTemplate","fraction","fraction_scheme_units","fraction_scheme","unit","NA"
"349","ISCNTemplate","fraction","fraction_type","fraction_type","value_string","NA"
"350","ISCNTemplate","fraction","fraction_agent","fraction_agent","value_string","NA"
"351","ISCNTemplate","fraction","fraction_note","fraction_note","value_string","NA"
"352","ISCNTemplate","fraction","fraction_c_perc","fraction_carbon_percent","value_number","NA"
"353","ISCNTemplate","fraction","fraction_mass_perc","fraction_mass_percent","value_number","NA"
"354","ISCNTemplate","fraction","oc","carbon_organic","value_number","NA"
"355","ISCNTemplate","fraction","c_method","carbon_organic","method","NA"
"356","ISCNTemplate","fraction","c_tot","total_carbon","value_number","NA"
"357","ISCNTemplate","fraction","c_method","total_carbon","method","NA"
"358","ISCNTemplate","fraction","n_tot","nitrogen_total","value_number","NA"
"359","ISCNTemplate","fraction","c_to_n","carbon_to_nitrogen","value_number","NA"
"360","ISCNTemplate","fraction","loi","loss_on_ignition","value_number","NA"
"361","ISCNTemplate","fraction","15n","15n","value_number","NA"
"362","ISCNTemplate","fraction","13c","13c","value_number","NA"
"363","ISCNTemplate","fraction","rc_lab","radiocarbon_lab","value_string","NA"
"364","ISCNTemplate","fraction","rc_lab_number","radiocarbon_lab_number","value_number","NA"
"365","ISCNTemplate","fraction","rc_year","radiocarbon_lab_year","value_number","NA"
"366","ISCNTemplate","fraction","14c","14c","value_number","NA"
"367","ISCNTemplate","fraction","14c_sigma","14c","sigma","NA"
"368","ISCNTemplate","fraction","14c_age","age","value_number","NA"
"369","ISCNTemplate","fraction","14c_age_sigma","age","sigma","NA"
"370","ISCNTemplate","fraction","fraction_modern","fraction_modern","value_string","NA"
"371","ISCNTemplate","fraction","fraction_modern_sigma","fraction_modern","sigma","NA"
"372","ISCNTemplate","gas","site_name","site_name","id","NA"
"373","ISCNTemplate","gas","cluster_name","cluster_name","id","NA"
"374","ISCNTemplate","gas","profile_name","profile_name","id","NA"
"375","ISCNTemplate","gas","layer_name","layer_name","id","NA"
"376","ISCNTemplate","gas","gas_name","gas_name","id","NA"
"377","ISCNTemplate","gas","rc_lab","radiocarbon_lab","value_string","NA"
"378","ISCNTemplate","gas","rc_lab_number","radiocarbon_lab_number","note","NA"
"379","ISCNTemplate","gas","rc_year","radiocarbon_lab_year","value_date","NA"
"380","ISCNTemplate","gas","labeled_addition","labeled_addition","value_string","NA"
"381","ISCNTemplate","gas","gas_number","gas_number","value_string","NA"
"382","ISCNTemplate","gas","gas_type","gas_type","value_string","NA"
"383","ISCNTemplate","gas","gas_note","gas_note","note","NA"
"384","ISCNTemplate","gas","gas_time_series","gas_time_series","value_string","NA"
"385","ISCNTemplate","gas","c_method","CH4_concentration","method","NA"
"386","ISCNTemplate","gas","c_method","CO2_concentration","method","NA"
"387","ISCNTemplate","gas","collection_method","collection_method","method","NA"
"388","ISCNTemplate","gas","collection_loc","field_or_incubation","method","NA"
"389","ISCNTemplate","gas","15n","15n","value_number","NA"
"390","ISCNTemplate","gas","c_conc_CO2","CO2_concentration","value_number","NA"
"391","ISCNTemplate","gas","13c_CO2","13c_CO2","value_number","NA"
"392","ISCNTemplate","gas","14c_CO2","14c_CO2","value_number","NA"
"393","ISCNTemplate","gas","14c_CO2_sigma","14c_CO2","sigma","NA"
"394","ISCNTemplate","gas","14c_age_CO2","14c_age_CO2","value_number","NA"
"395","ISCNTemplate","gas","14c_age_CO2_sigma","14c_age_CO2","sigma","NA"
"396","ISCNTemplate","gas","fraction_modern_CO2","fraction_modern_CO2","value_number","NA"
"397","ISCNTemplate","gas","fraction_modern_CO2_sigma","fraction_modern_CO2","sigma","NA"
"398","ISCNTemplate","gas","c_conc_CH4","CH4_concentration","value_number","NA"
"399","ISCNTemplate","gas","13c_CH4","13c_CH4","value_number","NA"
"400","ISCNTemplate","gas","14c_CH4","14c_CH4","value_number","NA"
"401","ISCNTemplate","gas","14c_CH4_sigma","14c_CH4","sigma","NA"
"402","ISCNTemplate","gas","14c_age_CH4","14c_age_CH4","value_number","NA"
"403","ISCNTemplate","gas","14c_age_CH4_sigma","14c_age_CH4","sigma","NA"
"404","ISCNTemplate","gas","fraction_modern_CH4","fraction_modern_CH4","value_number","NA"
"405","ISCNTemplate","gas","fraction_modern_CH4_sigma","fraction_modern_CH4","sigma","NA"
"406","ISCNTemplate","other","site_name","site_name","id","NA"
"407","ISCNTemplate","other","cluster_name","cluster_name","id","NA"
"408","ISCNTemplate","other","profile_name","profile_name","id","NA"
"409","ISCNTemplate","other","layer_name","layer_name","id","NA"
"410","ISCNTemplate","other","other_name","other_name","id","NA"
"411","ISCNTemplate","other","labeled_addition","labeled_addition","value_string","NA"
"412","ISCNTemplate","other","other_number","other_number","value_string","NA"
"413","ISCNTemplate","other","other_type","other_type","value_string","NA"
"414","ISCNTemplate","other","other_note","other_note","note","NA"
"415","ISCNTemplate","other","collection_method","collection_method","method","NA"
"416","ISCNTemplate","other","c_method","total_carbon","method","NA"
"417","ISCNTemplate","other","c_method","carbon_organic","method","NA"
"418","ISCNTemplate","other","processing_method","processing_method","method","NA"
"419","ISCNTemplate","other","oc","carbon_organic","value_number","NA"
"420","ISCNTemplate","other","c_method","carbon_organic","method","NA"
"421","ISCNTemplate","other","c_tot","total_carbon","value_number","NA"
"422","ISCNTemplate","other","c_method","total_carbon","method","NA"
"423","ISCNTemplate","other","n_tot","nitrogen_total","value_number","NA"
"424","ISCNTemplate","other","c_to_n","carbon_to_nitrogen","value_number","NA"
"425","ISCNTemplate","other","plant_species","vegetation_species","value_string","NA"
"426","ISCNTemplate","other","root_live_flag","root_live_flag","value_factor","NA"
"427","ISCNTemplate","other","root_quant_size","root_quant_size","value_string","???type"
"428","ISCNTemplate","other","compound_formula","compound_formula","value_string","NA"
"429","ISCNTemplate","other","compound","compound","value_string","NA"
"430","ISCNTemplate","other","15n","15n","value_number","NA"
"431","ISCNTemplate","other","13c","13c","value_number","NA"
"432","ISCNTemplate","other","rc_lab","radiocarbon_lab","value_string","NA"
"433","ISCNTemplate","other","rc_lab_number","radiocarbon_lab_number","note","NA"
"434","ISCNTemplate","other","rc_year","radiocarbon_lab_year","value_date","NA"
"435","ISCNTemplate","other","14c","14c","value_number","NA"
"436","ISCNTemplate","other","14c_sigma","14c","sigma","NA"
"437","ISCNTemplate","other","14c_age","14c_age","value_number","NA"
"438","ISCNTemplate","other","14c_age_sigma","14c_age","sigma","NA"
"439","ISCNTemplate","other","fraction_modern","fraction_modern","value_string","NA"
"440","ISCNTemplate","other","fraction_modern_sigma","fraction_modern","sigma","NA"
"441","ISCNTemplate","disturbance","site_name","site_name","id","NA"
"442","ISCNTemplate","disturbance","dist_clearcut_date","dist_clearcut_date","value_date","value_string?"
"443","ISCNTemplate","disturbance","dist_clearcut_removal_type","dist_clearcut_removal_type","value_string","NA"
"444","ISCNTemplate","disturbance","dist_clearcut_removal_perc","dist_clearcut_removal_perc","value_number","NA"
"445","ISCNTemplate","disturbance","dist_clearcut_date_qual","dist_clearcut_date_qual","value_date","NA"
"446","ISCNTemplate","disturbance","dist_clearcut_date_note","dist_clearcut_date_note","note","NA"
"447","ISCNTemplate","disturbance","dist_crop_residue_date","dist_crop_residue_date","value_date","NA"
"448","ISCNTemplate","disturbance","dist_crop_residue_type","dist_crop_residue_type","value_string","NA"
"449","ISCNTemplate","disturbance","dist_crop_residue_perc","dist_crop_residue_perc","value_number","NA"
"450","ISCNTemplate","disturbance","dist_crop_residue_date_qual","dist_crop_residue_date_qual","value_string","NA"
"451","ISCNTemplate","disturbance","dist_crop_residue_date_note","dist_crop_residue_date_note","note","NA"
"452","ISCNTemplate","disturbance","dist_fire_date","dist_fire_date","value_date","NA"
"453","ISCNTemplate","disturbance","dist_fire_severity","dist_fire_severity","value_string","NA"
"454","ISCNTemplate","disturbance","dist_fire_date_qual","dist_fire_date_qual","value_date","NA"
"455","ISCNTemplate","disturbance","dist_fire_date_note","dist_fire_date_note","note","NA"
"456","ISCNTemplate","disturbance","dist_fwd_removal_date","dist_fwd_removal_date","value_date","NA"
"457","ISCNTemplate","disturbance","dist_fwd_removal_perc","dist_fwd_removal_perc","value_number","NA"
"458","ISCNTemplate","disturbance","dist_fwd_removal_date_qual","dist_fwd_removal_date_qual","value_string","NA"
"459","ISCNTemplate","disturbance","dist_fwd_removal_date_note","dist_fwd_removal_date_note","note","NA"
"460","ISCNTemplate","disturbance","dist_general_date","dist_general_date","value_date","NA"
"461","ISCNTemplate","disturbance","dist_general_date_qual","dist_general_date_qual","value_date","NA"
"462","ISCNTemplate","disturbance","dist_general_date_note","dist_general_date_note","note","NA"
"463","ISCNTemplate","disturbance","dist_grazed_date","dist_grazed_date","value_date","NA"
"464","ISCNTemplate","disturbance","dist_grazed_spp","dist_grazed_spp","value_string","NA"
"465","ISCNTemplate","disturbance","dist_grazed_stocking","dist_grazed_stocking","value_number","rate?"
"466","ISCNTemplate","disturbance","dist_grazed_live_weight","dist_grazed_live_weight","value_number","weight?"
"467","ISCNTemplate","disturbance","dist_grazed_onplot","dist_grazed_onplot","value_number","NA"
"468","ISCNTemplate","disturbance","dist_grazed_daynight","dist_grazed_daynight","value_string","NA"
"469","ISCNTemplate","disturbance","dist_grazed_date_qual","dist_grazed_date_qual","value_date","NA"
"470","ISCNTemplate","disturbance","dist_grazed_date_note","dist_grazed_date_note","note","NA"
"471","ISCNTemplate","disturbance","dist_harvest_date","dist_harvest_date","value_date","NA"
"472","ISCNTemplate","disturbance","dist_harvest_residue_type","dist_harvest_residue_type","value_string","NA"
"473","ISCNTemplate","disturbance","dist_harvest_residue_perc","dist_harvest_residue_perc","value_number","NA"
"474","ISCNTemplate","disturbance","dist_harvest_spp","dist_harvest_spp","value_string","NA"
"475","ISCNTemplate","disturbance","dist_harvest_date_qual","dist_harvest_date_qual","value_string","NA"
"476","ISCNTemplate","disturbance","dist_harvest_date_note","dist_harvest_date_note","note","NA"
"477","ISCNTemplate","disturbance","dist_herbicide_date","dist_herbicide_date","value_date","NA"
"478","ISCNTemplate","disturbance","dist_herbicide_type","dist_herbicide_type","value_string","NA"
"479","ISCNTemplate","disturbance","dist_herbicide_kgha","dist_herbicide_kgha","value_number","NA"
"480","ISCNTemplate","disturbance","dist_herbicide_date_qual","dist_herbicide_date_qual","value_string","NA"
"481","ISCNTemplate","disturbance","dist_herbicide_date_note","dist_herbicide_date_note","note","NA"
"482","ISCNTemplate","disturbance","dist_insect_and_pathogen_date","dist_insect_and_pathogen_date","value_date","NA"
"483","ISCNTemplate","disturbance","dist_insect_and_pathogen_date_qual","dist_insect_and_pathogen_date_qual","value_date","NA"
"484","ISCNTemplate","disturbance","dist_insect_and_pathogen_date_note","dist_insect_and_pathogen_date_note","note","NA"
"485","ISCNTemplate","disturbance","dist_irrigation_date","dist_irrigation_date","value_date","NA"
"486","ISCNTemplate","disturbance","dist_irrigation_water","dist_irrigation_water","value_number","NA"
"487","ISCNTemplate","disturbance","dist_irrigation_drain_depth","dist_irrigation_drain_depth","value_number","NA"
"488","ISCNTemplate","disturbance","dist_irrigation_date_qual","dist_irrigation_date_qual","value_string","NA"
"489","ISCNTemplate","disturbance","dist_irrigation_date_note","dist_irrigation_date_note","note","NA"
"490","ISCNTemplate","disturbance","dist_liming_date","dist_liming_date","value_date","NA"
"491","ISCNTemplate","disturbance","dist_liming_kgha","dist_liming_kgha","value_number","NA"
"492","ISCNTemplate","disturbance","dist_liming_date_qual","dist_liming_date_qual","value_date","NA"
"493","ISCNTemplate","disturbance","dist_liming_date_note","dist_liming_date_note","note","NA"
"494","ISCNTemplate","disturbance","dist_m_fertilization_date","dist_m_fertilization_date","value_date","NA"
"495","ISCNTemplate","disturbance","dist_m_fertilization_type","dist_m_fertilization_type","value_string","NA"
"496","ISCNTemplate","disturbance","dist_m_fertilization_kgha","dist_m_fertilization_kgha","value_number","NA"
"497","ISCNTemplate","disturbance","dist_m_fertilization_form","dist_m_fertilization_form","value_string","NA"
"498","ISCNTemplate","disturbance","dist_m_fertilization_method","dist_m_fertilization_method","method","NA"
"499","ISCNTemplate","disturbance","dist_m_fertilization_date_qual","dist_m_fertilization_date_qual","value_string","NA"
"500","ISCNTemplate","disturbance","dist_m_fertilization_date_note","dist_m_fertilization_date_note","note","NA"
"501","ISCNTemplate","disturbance","dist_natural_regeneration_date","dist_natural_regeneration_date","value_date","NA"
"502","ISCNTemplate","disturbance","dist_natural_regeneration_type","dist_natural_regeneration_type","value_string","NA"
"503","ISCNTemplate","disturbance","dist_natural_regeneration_date_qual","dist_natural_regeneration_date_qual","value_date","NA"
"504","ISCNTemplate","disturbance","dist_natural_regeneration_date_note","dist_natural_regeneration_date_note","value_date","NA"
"505","ISCNTemplate","disturbance","dist_o_fertilization_date","dist_o_fertilization_date","value_date","NA"
"506","ISCNTemplate","disturbance","dist_o_fertilization_type","dist_o_fertilization_type","value_string","NA"
"507","ISCNTemplate","disturbance","dist_o_fertilization_kgha","dist_o_fertilization_kgha","value_number","NA"
"508","ISCNTemplate","disturbance","dist_o_fertilization_c","dist_o_fertilization_c","value_number","NA"
"509","ISCNTemplate","disturbance","dist_o_fertilization_n","dist_o_fertilization_n","value_number","NA"
"510","ISCNTemplate","disturbance","dist_o_fertilization_method","dist_o_fertilization_method","method","NA"
"511","ISCNTemplate","disturbance","dist_o_fertilization_date_qual","dist_o_fertilization_date_qual","value_date","NA"
"512","ISCNTemplate","disturbance","dist_o_fertilization_date_note","dist_o_fertilization_date_note","note","NA"
"513","ISCNTemplate","disturbance","dist_pesticide_date","dist_pesticide_date","value_date","NA"
"514","ISCNTemplate","disturbance","dist_pesticide_kgha","dist_pesticide_kgha","value_number","NA"
"515","ISCNTemplate","disturbance","dist_pesticide_type","dist_pesticide_type","value_string","NA"
"516","ISCNTemplate","disturbance","dist_pesticide_date_qual","dist_pesticide_date_qual","value_date","NA"
"517","ISCNTemplate","disturbance","dist_pesticide_date_note","dist_pesticide_date_note","value_date","NA"
"518","ISCNTemplate","disturbance","dist_planting_date","dist_planting_date","value_date","NA"
"519","ISCNTemplate","disturbance","dist_planting_seed","dist_planting_seed","value_number","NA"
"520","ISCNTemplate","disturbance","dist_planting_spp","dist_planting_spp","value_string","NA"
"521","ISCNTemplate","disturbance","dist_planting_date_qual","dist_planting_date_qual","value_date","NA"
"522","ISCNTemplate","disturbance","dist_planting_date_note","dist_planting_date_note","note","NA"
"523","ISCNTemplate","disturbance","dist_storm_date","dist_storm_date","value_date","NA"
"524","ISCNTemplate","disturbance","dist_storm_date_qual","dist_storm_date_qual","value_string","NA"
"525","ISCNTemplate","disturbance","dist_storm_date_note","dist_storm_date_note","note","NA"
"526","ISCNTemplate","disturbance","dist_thinning_date","dist_thinning_date","value_date","NA"
"527","ISCNTemplate","disturbance","dist_thinning_removal_type","dist_thinning_removal_type","value_string","NA"
"528","ISCNTemplate","disturbance","dist_thinning_perc","dist_thinning_perc","value_number","NA"
"529","ISCNTemplate","disturbance","dist_thinning_basal_area","dist_thinning_basal_area","?","NA"
"530","ISCNTemplate","disturbance","dist_thinning_date_qual","dist_thinning_date_qual","value_date","NA"
"531","ISCNTemplate","disturbance","dist_thinning_date_note","dist_thinning_date_note","note","NA"
"532","ISCNTemplate","disturbance","dist_tillage_date","dist_tillage_date","value_date","NA"
"533","ISCNTemplate","disturbance","dist_tillage_type","dist_tillage_type","value_string","NA"
"534","ISCNTemplate","disturbance","dist_tillage_depth","dist_tillage_depth","value_number","NA"
"535","ISCNTemplate","disturbance","dist_tillage_date_qual","dist_tillage_date_qual","value_date","NA"
"536","ISCNTemplate","disturbance","dist_tillage_date_note","dist_tillage_date_note","note","NA"
"537","ISCNTemplate","disturbance","dist_ungrazed_date","dist_ungrazed_date","value_date","NA"
"538","ISCNTemplate","disturbance","dist_ungrazed_duration","dist_ungrazed_duration","value_number","NA"
"539","ISCNTemplate","disturbance","dist_ungrazed_date_qual","dist_ungrazed_date_qual","value_date","NA"
"540","ISCNTemplate","disturbance","dist_ungrazed_date_note","dist_ungrazed_date_note","note","NA"
"541","ISCNTemplate","disturbance","dist_wildfire_date","dist_wildfire_date","value_date","NA"
"542","ISCNTemplate","disturbance","dist_wildfire_severity","dist_wildfire_severity","value_string","NA"
"543","ISCNTemplate","disturbance","dist_wildfire_date_qual","dist_wildfire_date_qual","value_date","NA"
"544","ISCNTemplate","disturbance","dist_wildfire_date_note","dist_wildfire_date_note","note","NA"
"545","ISCNTemplate","disturbance","dist_underburn_date","dist_underburn_date","value_date","NA"
"546","ISCNTemplate","disturbance","dist_underburn_perc","dist_underburn_perc","value_number","NA"
"547","ISCNTemplate","disturbance","dist_underburn_date_qual","dist_underburn_date_qual","value_date","NA"
"548","ISCNTemplate","disturbance","dist_underburn_date_note","dist_underburn_date_note","note","NA"
"549","ISCNTemplate","disturbance","dist_windthrow_date","dist_windthrow_date","value_date","NA"
"550","ISCNTemplate","disturbance","dist_windthrow_perc","dist_windthrow_perc","value_number","NA"
"551","ISCNTemplate","disturbance","dist_windthrow_date_qual","dist_windthrow_date_qual","value_date","NA"
"552","ISCNTemplate","disturbance","dist_windthrow_date_note","dist_windthrow_date_note","note","NA"
"553","ISCNTemplate","disturbance","dist_woody_encroachment_date","dist_woody_encroachment_date","value_date","NA"
"554","ISCNTemplate","disturbance","dist_woody_encroachment_date_qual","dist_woody_encroachment_date_qual","value_date","NA"
"555","ISCNTemplate","disturbance","dist_woody_encroachment_date_note","dist_woody_encroachment_date_note","note","NA"
"556","ISCNTemplate","cluster","site_name","site_name","id","NA"
"557","ISCNTemplate","cluster","soc","soil_organic_carbon","value_number","NA"
"558","ISCNTemplate","cluster","soc_type","soil_type","value_factor","NA"
"559","ISCNTemplate","cluster","soc_pcount","soil_organic_carbon_count","method","NA"
"560","ISCNTemplate","cluster","soc_depth","soil_organic_carbon_depth","value_number","NA"
"561","ISCNTemplate","cluster","soc_sigma","soil_organic_carbon","sigma","NA"
"562","ISCNTemplate","cluster","soc_method","soil_organic_carbon","method","NA"
