data_product,data_table,data_column,data_type
ISCN3,layer,13c (‰),value_number
ISCN3,layer,14c (‰),value_number
ISCN3,layer,14c_sigma (‰),sigma
ISCN3,layer,14c_age (BP),value_number
ISCN3,layer,14c_age_sigma (BP),sigma
ISCN3,layer,15n (‰),value_number
ISCN3,profile,2d_position (2d_position),value_factor
ISCN3,citation,acknowledgement,value_string
ISCN3,citation,acknowledgement_usage,value_string
ISCN3,layer,al_dith (specified by al_fe_units),value_number
ISCN3,layer,al_other (specified by al_fe_units),value_number
ISCN3,layer,al_ox (specified by al_fe_units),value_number
ISCN3,layer,al_fe_units (extract_units),unit
ISCN3,layer,al_fe_method,method
ISCN3,profile,aspect_deg,value_number
ISCN3,layer,base_sum (specified by cec_h_units),value_number
ISCN3,layer,cec_h_units (extract_units),unit
ISCN3,layer,bs (percent),value_number
ISCN3,layer,bs_sum (percent),value_number
ISCN3,layer,bd_method,method
ISCN3,layer,bdNRCS_prep_code,method
ISCN3,layer,bd_other (g cm-3),value_number
ISCN3,layer,bd_samp (g cm-3),value_number
ISCN3,layer,bd_tot (g cm-3),value_number
ISCN3,layer,bd_whole (g cm-3),value_number
ISCN3,layer,c_to_n (mass ratio),value_number
ISCN3,layer,cNRCS_prep_code,method
ISCN3,layer,c_method,method
ISCN3,layer,c_tot (percent),value_number
ISCN3,layer,ca_al (specified by bc_units),value_number
ISCN3,layer,bc_units (extract_units),unit
ISCN3,layer,bc_method,method
ISCN3,layer,ca_ext (specified by bc_units),value_number
ISCN3,layer,caco3 (percent),value_number
ISCN3,layer,cat_exch (cmol H+ kg-1),value_number
ISCN3,layer,cec_sum (specified by cec_h_units),value_number
ISCN3,citation,citation,value_string
ISCN3,citation,citation_usage,value_string
ISCN3,layer,clay_tot_psa (percent),value_number
ISCN3,layer,color,value_string
ISCN3,dataset,contact_email,value_string
ISCN3,dataset,contact_name,value_string
ISCN3,profile,country (country),value_string
ISCN3,layer,country (country),value_string
ISCN3,citation,curator_email,value_string
ISCN3,dataset,curator_email,value_string
ISCN3,citation,curator_name,value_string
ISCN3,dataset,curator_name,value_string
ISCN3,citation,curator_organization,value_string
ISCN3,dataset,curator_organization,value_string
ISCN3,dataset,dataset_description,value_string
ISCN3,citation,dataset_name,id
ISCN3,dataset,dataset_name,id
ISCN3,profile,dataset_name_sub,id
ISCN3,layer,dataset_name_sub,id
ISCN3,citation,dataset_type (dataset_type),value_string
ISCN3,dataset,dataset_type (dataset_type),value_string
ISCN3,profile,datum (datum),value_string
ISCN3,layer,datum (datum),value_string
ISCN3,profile,drainagecl (drainage),value_string
ISCN3,layer,ecec (specified by cec_h_units),value_number
ISCN3,profile,ecoregion,value_string
ISCN3,profile,elevation (m),value_number
ISCN3,layer,fe_dith (specified by al_fe_units),value_number
ISCN3,layer,fe_other (specified by al_fe_units),value_number
ISCN3,layer,fe_ox (specified by al_fe_units),value_number
ISCN3,layer,fraction_modern,value_number
ISCN3,layer,fraction_modern_sigma,sigma
ISCN3,layer,h_ext (specified by metal_ext_units),value_number
ISCN3,layer,metal_ext_units (extract_units),unit
ISCN3,layer,metal_ext_method,method
ISCN3,layer,hzn,value_string
ISCN3,layer,hzn_desgn,value_string
ISCN3,layer,hzn_desgn_other,value_string
ISCN3,layer,k_ext (specified by bc_units),value_number
ISCN3,profile,landform (landform),value_factor
ISCN3,profile,landform_note,note
ISCN3,profile,landscape (landscape),value_factor
ISCN3,profile,landuse (landsat),value_factor
ISCN3,profile,lat (dec. deg),value_number
ISCN3,layer,lat (dec. deg),value_number
ISCN3,dataset,soc_lcount_ISCN,value_number
ISCN3,layer,layer_bot (cm),value_number
ISCN3,profile,carbon_lcount,value_number
ISCN3,dataset,total_lcount,value_number
ISCN3,profile,total_lcount,value_number
ISCN3,layer,layer_name,id
ISCN3,layer,layer_note,note
ISCN3,dataset,soc_lcount,method
ISCN3,profile,soc_lcount,method
ISCN3,layer,layer_top (cm),value_number
ISCN3,profile,locator_alias,value_string
ISCN3,profile,locator_parent_alias,value_string
ISCN3,layer,locator_parent_alias,value_string
ISCN3,layer,loi (percent),value_number
ISCN3,profile,long (dec. deg),value_number
ISCN3,layer,long (dec. deg),value_number
ISCN3,profile,map (mm),value_number
ISCN3,profile,mat (°C),value_number
ISCN3,layer,mg_ext (specified by bc_units),value_number
ISCN3,layer,mn_dith (specified by al_fe_units),value_number
ISCN3,layer,mn_other (specified by al_fe_units),value_number
ISCN3,layer,mn_ox (specified by al_fe_units),value_number
ISCN3,citation,modification_date (YYYY-MM-DD),value_date
ISCN3,dataset,modification_date (YYYY-MM-DD),value_date
ISCN3,layer,n_tot (percent),value_number
ISCN3,layer,na_ext (specified by bc_units),value_number
ISCN3,profile,observation_date (YYYY-MM-DD),value_date
ISCN3,layer,observation_date (YYYY-MM-DD),value_date
ISCN3,layer,oc (percent),value_number
ISCN3,layer,p_bray (specified by p_units),value_number
ISCN3,layer,p_meh (specified by p_units),value_number
ISCN3,layer,p_other (specified by p_units),value_number
ISCN3,layer,p_ox (specified by p_units),value_number
ISCN3,layer,p_units (extract_units),unit
ISCN3,layer,p_method,method
ISCN3,layer,ph_method,method
ISCN3,layer,ph_cacl,value_number
ISCN3,layer,ph_h2o,value_number
ISCN3,layer,ph_other,value_number
ISCN3,dataset,soc_pcount_ISCN,method
ISCN3,profile,layer_bot (cm),value_number
ISCN3,dataset,total_pcount,method
ISCN3,profile,profile_name,id
ISCN3,layer,profile_name,id
ISCN3,profile,dataset_name_soc,method
ISCN3,profile,soc (g cm-2),value_number
ISCN3,profile,soc_method,method
ISCN3,profile,soc_carbon_flag,value_factor
ISCN3,dataset,soc_pcount,method
ISCN3,profile,soc_depth (cm),value_number
ISCN3,profile,soc_spatial_flag,value_factor
ISCN3,profile,layer_top (cm),value_number
ISCN3,profile,profile_zero_ref (profile_zero_ref),value_string
ISCN3,citation,reference,value_string
ISCN3,layer,root_quant_size,value_number
ISCN3,layer,root_weight (g),value_number
ISCN3,profile,runoff (runoff),value_factor
ISCN3,layer,sand_tot_psa (percent),value_number
ISCN3,layer,silt_tot_psa (percent),value_number
ISCN3,dataset,soc_scount_ISCN,value_number
ISCN3,dataset,total_scount,value_number
ISCN3,profile,site_name,id
ISCN3,layer,site_name,id
ISCN3,profile,site_note,note
ISCN3,profile,site_perm (site_perm),value_factor
ISCN3,dataset,soc_scount,value_number
ISCN3,profile,slope (percent),value_number
ISCN3,layer,dataset_name_soc,method
ISCN3,layer,soc (g cm-2),value_number
ISCN3,layer,soc_carbon_flag,flag
ISCN3,layer,soc_method,method
ISCN3,profile,soil_series,value_string
ISCN3,layer,soil_series,value_string
ISCN3,profile,soil_taxon,value_string
ISCN3,layer,soil_taxon,value_string
ISCN3,profile,state (state_province),value_factor
ISCN3,layer,state (state_province),value_factor
ISCN3,profile,surface_veg,value_string
ISCN3,layer,textureClass,value_factor
ISCN3,profile,thaw_depth_profile (cm),value_number
ISCN3,profile,vegclass_local,value_factor
ISCN3,layer,vegclass_local,value_factor
ISCN3,layer,wpg2_method,method
ISCN3,layer,wpg2 (percent),value_number
ISCN3,layer,zn_ext (specified by metal_ext_units),value_number
CCRCN,Study Information,study_id,id
CCRCN,Study Information,one_liner,value_string
CCRCN,Study Information,study_code,value_string
CCRCN,Study Information,study_start_date,value_date
CCRCN,Study Information,study_end_date,value_date
CCRCN,Study Information,title,value_string
CCRCN,Study Information,abstract,value_string
CCRCN,Keywords,study_id,id
CCRCN,Keywords,key_words,value_string
CCRCN,Authors,study_id,id
CCRCN,Authors,last_name,value_string
CCRCN,Authors,given_name,value_string
CCRCN,Authors,institution,value_string
CCRCN,Authors,email,value_string
CCRCN,Authors,address,value_string
CCRCN,Authors,phone,value_string
CCRCN,Authors,corresponding_author,value_factor
CCRCN,Funding Sources,study_id,id
CCRCN,Funding Sources,funding_agency,value_string
CCRCN,Funding Sources,funding_id,id
CCRCN,Funding Sources,funding_notes,method
CCRCN,Associated Publications,study_id,id
CCRCN,Associated Publications,bibtex_citation,value_string
CCRCN,Associated Publications,publication_type,value_factor
CCRCN,Associated Publications,author,value_string
CCRCN,Associated Publications,year,value_date
CCRCN,Associated Publications,title,value_string
CCRCN,Associated Publications,journal,value_string
CCRCN,Associated Publications,volume,value_string
CCRCN,Associated Publications,number,value_string
CCRCN,Associated Publications,pages,value_string
CCRCN,Associated Publications,url,value_string
CCRCN,Associated Publications,doi,value_string
CCRCN,Associated Publications,address,value_string
CCRCN,Associated Publications,annote,value_string
CCRCN,Associated Publications,booktitle,value_string
CCRCN,Associated Publications,chapter,value_string
CCRCN,Associated Publications,crossref,value_string
CCRCN,Associated Publications,edition,value_string
CCRCN,Associated Publications,editor,value_string
CCRCN,Associated Publications,howpublished,method
CCRCN,Associated Publications,institution,value_string
CCRCN,Associated Publications,key,value_string
CCRCN,Associated Publications,month,value_date
CCRCN,Associated Publications,note,method
CCRCN,Associated Publications,organization,value_string
CCRCN,Associated Publications,publisher,value_string
CCRCN,Associated Publications,school,value_string
CCRCN,Associated Publications,series,value_string
CCRCN,Associated Publications,type,value_string
CCRCN,Materials and Methods,study_id,id
CCRCN,Materials and Methods,coring_method,method
CCRCN,Materials and Methods,roots_flag,value_factor
CCRCN,Materials and Methods,sediment_sieved_flag,value_factor
CCRCN,Materials and Methods,sediment_sieve_size,value_number
CCRCN,Materials and Methods,compaction_flag,value_factor
CCRCN,Materials and Methods,dry_bulk_density_temperature,value_number
CCRCN,Materials and Methods,dry_bulk_density_time,value_number
CCRCN,Materials and Methods,dry_bulk_density_sample_volume,value_number
CCRCN,Materials and Methods,dry_bulk_density_sample_mass,value_number
CCRCN,Materials and Methods,dry_bulk_density_flag,value_factor
CCRCN,Materials and Methods,loss_on_ignition_temperature,value_number
CCRCN,Materials and Methods,loss_on_ignition_time,value_number
CCRCN,Materials and Methods,loss_on_ignition_sample_volume,value_number
CCRCN,Materials and Methods,loss_on_ignition_sample_mass,value_number
CCRCN,Materials and Methods,loss_on_ignition_flag,value_factor
CCRCN,Materials and Methods,carbon_measured_or_modeled,value_factor
CCRCN,Materials and Methods,carbonates_removed,value_factor
CCRCN,Materials and Methods,carbonate_removal_method,method
CCRCN,Materials and Methods,fraction_carbon_method,method
CCRCN,Materials and Methods,fraction_carbon_type,value_factor
CCRCN,Materials and Methods,carbon_profile_notes,method
CCRCN,Materials and Methods,cs137_counting_method,method
CCRCN,Materials and Methods,pb210_counting_method,method
CCRCN,Materials and Methods,excess_pb210_rate,value_factor
CCRCN,Materials and Methods,excess_pb210_model,value_factor
CCRCN,Materials and Methods,ra226_assumption,value_factor
CCRCN,Materials and Methods,c14_counting_method,method
CCRCN,Materials and Methods,dating_notes,method
CCRCN,Materials and Methods,age_depth_model_reference,value_factor
CCRCN,Materials and Methods,age_depth_model_notes,method
CCRCN,Site Level,study_id,id
CCRCN,Site Level,site_id,id
CCRCN,Site Level,site_description,value_string
CCRCN,Site Level,site_latitude_max,value_max
CCRCN,Site Level,site_latitude_min,value_min
CCRCN,Site Level,site_longitude_max,value_max
CCRCN,Site Level,site_longitude_min,value_min
CCRCN,Site Level,site_boundaries,value_string
CCRCN,Site Level,salinity_class,value_factor
CCRCN,Site Level,salinity_method,method
CCRCN,Site Level,salinity_notes,method
CCRCN,Site Level,vegetation_class,value_factor
CCRCN,Site Level,vegetation_method,method
CCRCN,Site Level,vegetation_notes,method
CCRCN,Site Level,inundation_class,value_factor
CCRCN,Site Level,inundation_method,method
CCRCN,Site Level,inundation_notes,method
CCRCN,Core Level,study_id,id
CCRCN,Core Level,site_id,id
CCRCN,Core Level,core_id,id
CCRCN,Core Level,core_date,value_date
CCRCN,Core Level,core_notes,method
CCRCN,Core Level,core_latitude,value_number
CCRCN,Core Level,core_longitude,value_number
CCRCN,Core Level,core_position_accuracy,value_number
CCRCN,Core Level,core_position_method,method
CCRCN,Core Level,core_position_notes,method
CCRCN,Core Level,core_elevation,value_number
CCRCN,Core Level,core_elevation_datum,value_factor
CCRCN,Core Level,core_elevation_accuracy,value_number
CCRCN,Core Level,core_elevation_method,method
CCRCN,Core Level,core_elevation_notes,method
CCRCN,Core Level,salinity_class,value_factor
CCRCN,Core Level,salinity_method,method
CCRCN,Core Level,salinity_notes,method
CCRCN,Core Level,vegetation_class,value_factor
CCRCN,Core Level,vegetation_method,method
CCRCN,Core Level,vegetation_notes,method
CCRCN,Core Level,inundation_class,value_factor
CCRCN,Core Level,inundation_method,method
CCRCN,Core Level,inundation_notes,method
CCRCN,Core Level,core_length_flag,value_factor
CCRCN,Soil Depth Series,study_id,id
CCRCN,Soil Depth Series,site_id,id
CCRCN,Soil Depth Series,core_id,id
CCRCN,Soil Depth Series,depth_min,value_min
CCRCN,Soil Depth Series,depth_max,value_max
CCRCN,Soil Depth Series,sample_id,id
CCRCN,Soil Depth Series,dry_bulk_density,value_number
CCRCN,Soil Depth Series,fraction_organic_matter,value_number
CCRCN,Soil Depth Series,fraction_carbon,value_number
CCRCN,Soil Depth Series,compaction_fraction,value_number
CCRCN,Soil Depth Series,compaction_notes,method
CCRCN,Soil Depth Series,cs137_activity,value_number
CCRCN,Soil Depth Series,cs137_activity_sd,standard_deviation
CCRCN,Soil Depth Series,total_pb210_activity,value_number
CCRCN,Soil Depth Series,total_pb210_activity_sd,standard_deviation
CCRCN,Soil Depth Series,ra226_activity,value_number
CCRCN,Soil Depth Series,ra226_activity_sd,standard_deviation
CCRCN,Soil Depth Series,excess_pb210_activity,value_number
CCRCN,Soil Depth Series,excess_pb210_activity_sd,standard_deviation
CCRCN,Soil Depth Series,c14_age,value_number
CCRCN,Soil Depth Series,c14_age_sd,standard_deviation
CCRCN,Soil Depth Series,c14_material,value_string
CCRCN,Soil Depth Series,c14_notes,method
CCRCN,Soil Depth Series,delta_c13,value_number
CCRCN,Soil Depth Series,be7_activity,value_number
CCRCN,Soil Depth Series,be7_activity_sd,standard_deviation
CCRCN,Soil Depth Series,am241_activity,value_number
CCRCN,Soil Depth Series,am241_activity_sd,standard_deviation
CCRCN,Soil Depth Series,marker_date,value_date
CCRCN,Soil Depth Series,marker_type,value_factor
CCRCN,Soil Depth Series,marker_notes,method
CCRCN,Soil Depth Series,age,value_number
CCRCN,Soil Depth Series,age_min,value_min
CCRCN,Soil Depth Series,age_max,value_max
CCRCN,Soil Depth Series,age_sd,standard_deviation
CCRCN,Soil Depth Series,depth_interval_notes,method
CCRCN,Dominant Species Present,study_id,id
CCRCN,Dominant Species Present,site_id,id
CCRCN,Dominant Species Present,core_id,id
CCRCN,Dominant Species Present,species_code,value_string
CCRCN,Anthropogenic Impacts Present,study_id,id
CCRCN,Anthropogenic Impacts Present,site_id,id
CCRCN,Anthropogenic Impacts Present,core_id,id
CCRCN,Anthropogenic Impacts Present,impact_class,value_factor
CCRCN,Study Level Species Table,study_id,id
CCRCN,Study Level Species Table,species_code,value_string
CCRCN,Study Level Species Table,genus,value_string
CCRCN,Study Level Species Table,species,value_string
CCRCN,Study Level Species Table,sub_species,value_string
CCRCN,Study Level Species Table,hybrid,value_string
CCRCN,Study Level Species Table,common_name,value_string
CCRCN,Study Level Species Table,species_notes,method
Crowther,Summary,Study,id
Crowther,Summary,%C,value_number
Crowther,Summary,Avg. C Control,value_number
Crowther,Summary,Avg. C Warming,value_number
Crowther,Summary,C Difference (Warming-Control),value_number
Crowther,Summary,Length of Study (years),value_number
Crowther,Summary,Mean delta T,value_number
Crowther,Summary,Difference/Temp./Time,"NA"
Crowther,Summary,Precipitation (avg. annual mm),value_number
Crowther,Summary,Temperature (avg. annual degrees C),value_number
Crowther,Summary,Biome,value_string
Crowther,Summary,Author Updated Biome,value_string
Crowther,Summary,pH (from ISRIC),value_number
Crowther,Summary,Author Updated pH,value_number
Crowther,Summary,% silt,value_number
Crowther,Summary,% sand,value_number
Crowther,Summary,% clay,value_number
Crowther,Summary,Author Updated % clay,value_number
Crowther,Summary,CEC (cmol/kg),value_number
Crowther,Study Names,Old Name,id
Crowther,Study Names,New Name,id
Crowther,Raw,Study,id
Crowther,Raw,Author,value_string
Crowther,Raw,Biome,value_string
Crowther,Raw,Ecosystem,value_string
Crowther,Raw,LAT,value_number
Crowther,Raw,LONG,value_number
Crowther,Raw,"Treatment (W=warming, C=control)",method
Crowther,Raw,Planned Warming,value_number
Crowther,Raw,Mean delta T,value_number
Crowther,Raw,Lengths of Study,value_number
Crowther,Raw,%C,value_number
Crowther,Raw,Bulk density,value_number
Crowther,Raw,Bulk Density Avg.,value_number
Crowther,Raw,total C,value_number
Crowther,Raw,total raw C,value_number
Crowther,Raw,%N,value_number
vanGestel2017,sites,site.id,id
vanGestel2017,sites,state.country,value_string
vanGestel2017,sites,site,value_string
vanGestel2017,sites,project,value_string
vanGestel2017,sites,lat,value_number
vanGestel2017,sites,lon,value_number
vanGestel2017,sites,elevation,value_number
vanGestel2017,sites,mat,value_number
vanGestel2017,sites,map,value_number
vanGestel2017,sites,treatments,value_factor
vanGestel2017,sites,technique,method
vanGestel2017,sites,season,value_string
vanGestel2017,sites,biome,value_string
vanGestel2017,sites,sub.biome,value_string
vanGestel2017,sites,species,value_string
vanGestel2017,sites,soil.type,value_string
vanGestel2017,sites,soil.texture.class,value_factor
vanGestel2017,sites,perc.sand,value_number
vanGestel2017,sites,perc.silt,value_number
vanGestel2017,sites,perc.clay,value_number
vanGestel2017,sites,start.date,value_date
vanGestel2017,sites,C.pool.abg,value_number
vanGestel2017,sites,C.pool.bwg,value_number
vanGestel2017,sites,N.pool.abg,value_number
vanGestel2017,sites,N.pool.bwg,value_number
vanGestel2017,sites,P.pool.bwg,value_number
vanGestel2017,sites,soil.depth.pool,value_number
vanGestel2017,sites,Ndep.rate,value_number
vanGestel2017,sites,bulk.density,value_number
vanGestel2017,sites,pH,value_number
vanGestel2017,sites,percent.om,value_number
vanGestel2017,sites,source,value_string
vanGestel2017,sites,notes,note
vanGestel2017,sites,Reference,value_string
vanGestel2017,soc,site.id,id
vanGestel2017,soc,trt,value_factor
vanGestel2017,soc,technique,method
vanGestel2017,soc,season,value_string
vanGestel2017,soc,trt.size.bg,value_number
vanGestel2017,soc,soilT.depth,value_number
vanGestel2017,soc,trt.size.abg,value_number
vanGestel2017,soc,trt.size.units,value_number
vanGestel2017,soc,start.date,value_date
vanGestel2017,soc,measurement.date,value_date
vanGestel2017,soc,duration,value_number
vanGestel2017,soc,remove,value_factor
vanGestel2017,soc,multi.year,value_factor
vanGestel2017,soc,control.mean,value_avg
vanGestel2017,soc,control.se,value_number
vanGestel2017,soc,control.n,value_number
vanGestel2017,soc,trt.mean,value_avg
vanGestel2017,soc,trt.se,value_number
vanGestel2017,soc,trt.n,value_number
vanGestel2017,soc,unit,unit
vanGestel2017,soc,variable,value_string
vanGestel2017,soc,soil.horizon,value_number
vanGestel2017,soc,bulk.density,value_number
vanGestel2017,soc,source,value_string
vanGestel2017,soc,notes,note
vanGestel2017,soc,reference,value_string
vanGestel2017,bd_calculation,site.id,id
vanGestel2017,bd_calculation,percent.som,value_number
vanGestel2017,bd_calculation,bd,value_number
vanGestel2017,bd_calculation,soil.horizon,value_number
vanGestel2017,bd_calculation,notes,note
vanGestel2017,plant,site.id,id
vanGestel2017,plant,trt,value_factor
vanGestel2017,plant,technique,method
vanGestel2017,plant,season,value_string
vanGestel2017,plant,trt.size.bg,value_number
vanGestel2017,plant,soilT.depth,value_number
vanGestel2017,plant,trt.size.abg,value_number
vanGestel2017,plant,trt.size.units,unit
vanGestel2017,plant,species,value_string
vanGestel2017,plant,start.date,value_date
vanGestel2017,plant,measurement.date,value_date
vanGestel2017,plant,duration,value_number
vanGestel2017,plant,remove,value_factor
vanGestel2017,plant,multi.year,value_factor
vanGestel2017,plant,control.mean,value_avg
vanGestel2017,plant,control.se,value_number
vanGestel2017,plant,control.n,value_number
vanGestel2017,plant,trt.mean,value_avg
vanGestel2017,plant,trt.se,value_number
vanGestel2017,plant,trt.n,value_number
vanGestel2017,plant,unit,unit
vanGestel2017,plant,variable,value_string
vanGestel2017,plant,soil.horizon,value_number
vanGestel2017,plant,source,value_string
vanGestel2017,plant,notes,note
vanGestel2017,plant,reference,value_string
vanGestel2017,plant,input,value_factor
ISRaD,interstitial,entry_name,id
ISRaD,interstitial,site_name,id
ISRaD,interstitial,pro_name,id
ISRaD,interstitial,ist_name,id
ISRaD,interstitial,ist_obs_date_y,value_date
ISRaD,interstitial,ist_obs_date_m,value_date
ISRaD,interstitial,ist_obs_date_d,value_date
ISRaD,interstitial,ist_all_org_neg,value_string
ISRaD,interstitial,ist_depth,value_number
ISRaD,interstitial,ist_notes,method
ISRaD,interstitial,ist_phase,value_string
ISRaD,interstitial,ist_analyte,value_string
ISRaD,interstitial,ist_method,method
ISRaD,interstitial,ist_storage_method,method
ISRaD,interstitial,ist_time_dur,value_number
ISRaD,interstitial,ist_temp,value_number
ISRaD,interstitial,ist_source_O2,value_number
ISRaD,interstitial,ist_source_H2O,value_number
ISRaD,interstitial,ist_concentration,value_number
ISRaD,interstitial,ist_13c,value_number
ISRaD,interstitial,ist_13c_sd,standard_deviation
ISRaD,interstitial,ist_18o,value_number
ISRaD,interstitial,ist_2h,value_number
ISRaD,interstitial,ist_rc_lab,value_string
ISRaD,interstitial,ist_rc_lab_number,note
ISRaD,interstitial,ist_rc_year,value_date
ISRaD,interstitial,ist_14c,value_number
ISRaD,interstitial,ist_14c_sigma,sigma
ISRaD,interstitial,ist_14c_sd,standard_deviation
ISRaD,interstitial,ist_fraction_modern,value_number
ISRaD,interstitial,ist_fraction_modern_sigma,sigma
ISRaD,interstitial,ist_fraction_modern_sd,standard_deviation
ISRaD,metadata,entry_name,id
ISRaD,metadata,doi,value_string
ISRaD,metadata,compilation_doi,value_string
ISRaD,metadata,curator_name,value_string
ISRaD,metadata,curator_organization,value_string
ISRaD,metadata,curator_email,value_string
ISRaD,metadata,modification_date_y,value_date
ISRaD,metadata,modification_date_m,value_date
ISRaD,metadata,modification_date_d,value_date
ISRaD,metadata,contact_name,value_string
ISRaD,metadata,contact_email,value_string
ISRaD,metadata,contact_orcid_id,value_number
ISRaD,metadata,bibliographical_reference,value_string
ISRaD,metadata,metadata_note,method
ISRaD,metadata,associated_datasets,value_string
ISRaD,metadata,template_version,value_date
ISRaD,site,entry_name,id
ISRaD,site,site_name,id
ISRaD,site,site_lat,value_number
ISRaD,site,site_long,value_number
ISRaD,site,site_datum,value_string
ISRaD,site,site_elevation,value_number
ISRaD,site,site_note,method
ISRaD,profile,entry_name,id
ISRaD,profile,site_name,id
ISRaD,profile,plot_name,id
ISRaD,profile,pro_name,id
ISRaD,profile,pro_note,method
ISRaD,profile,pro_lat,value_number
ISRaD,profile,pro_long,value_number
ISRaD,profile,pro_elevation,value_number
ISRaD,profile,pro_treatment,method
ISRaD,profile,pro_treatment_note,note
ISRaD,profile,pro_comp,value_string
ISRaD,profile,pro_reps,value_number
ISRaD,profile,pro_MAT,value_number
ISRaD,profile,pro_MAP,value_number
ISRaD,profile,pro_peatland,value_string
ISRaD,profile,pro_usda_soil_order,value_string
ISRaD,profile,pro_soil_series,value_string
ISRaD,profile,pro_soil_taxon,value_string
ISRaD,profile,pro_soil_taxon_sys,method
ISRaD,profile,pro_chrono_name,value_string
ISRaD,profile,pro_soil_age,value_number
ISRaD,profile,pro_soil_age_note,note
ISRaD,profile,pro_MAST,value_number
ISRaD,profile,pro_MASWC,value_number
ISRaD,profile,pro_land_cover,value_string
ISRaD,profile,pro_lc_phenology,value_string
ISRaD,profile,pro_lc_leaf_type,value_string
ISRaD,profile,pro_lc_photosyn_path,value_string
ISRaD,profile,pro_veg_note,method
ISRaD,profile,pro_NPP,value_number
ISRaD,profile,pro_bedrock_depth,value_number
ISRaD,profile,pro_complete,value_string
ISRaD,profile,pro_depth_water,value_number
ISRaD,profile,pro_thaw_depth,value_number
ISRaD,profile,pro_parent_material,value_string
ISRaD,profile,pro_parent_chem,value_string
ISRaD,profile,pro_parent_material_notes,method
ISRaD,profile,pro_2d_position,value_factor
ISRaD,profile,pro_aspect,value_factor
ISRaD,profile,pro_aspect_deg,value_number
ISRaD,profile,pro_slope,value_number
ISRaD,profile,pro_slope_shape,value_string
ISRaD,profile,pro_drainage_class,value_factor
ISRaD,profile,pro_soc,value_number
ISRaD,profile,pro_soc_sigma,sigma
ISRaD,profile,pro_soc_depth,value_number
ISRaD,profile,pro_catchment_area,value_number
ISRaD,profile,pro_permafrost,value_string
ISRaD,profile,pro_thermokarst,value_string
ISRaD,profile,pro_deforested,value_number
ISRaD,profile,pro_water_body,value_string
ISRaD,profile,pro_water_body_name,value_string
ISRaD,flux,entry_name,id
ISRaD,flux,site_name,id
ISRaD,flux,plot_name,id
ISRaD,flux,pro_name,id
ISRaD,flux,flx_name,id
ISRaD,flux,flx_lat,value_number
ISRaD,flux,flx_long,value_number
ISRaD,flux,flx_obs_date_y,value_date
ISRaD,flux,flx_obs_date_m,value_date
ISRaD,flux,flx_obs_date_d,value_date
ISRaD,flux,flx_notes,method
ISRaD,flux,flx_pathway,value_string
ISRaD,flux,flx_pathway_note,method
ISRaD,flux,flx_analyte,value_string
ISRaD,flux,flx_ecosystem_component,value_string
ISRaD,flux,flx_method,method
ISRaD,flux,flx_method_note,method
ISRaD,flux,flx_storage_method,method
ISRaD,flux,flx_duration,value_number
ISRaD,flux,flx_keeling_plot,value_string
ISRaD,flux,flx_atm_correction,value_string
ISRaD,flux,flx_source_temp,value_number
ISRaD,flux,flx_source_O2,value_number
ISRaD,flux,flx_source_H2O,value_number
ISRaD,flux,flx_rate,value_number
ISRaD,flux,flx_rate_sd,standard_deviation
ISRaD,flux,flx_rate_units,value_string
ISRaD,flux,flx_analyte_conc,value_number
ISRaD,flux,flx_discharge_rate,value_number
ISRaD,flux,flx_aquatic_ph,value_number
ISRaD,flux,flx_aquatic_cond,value_number
ISRaD,flux,flx_13c,value_number
ISRaD,flux,flx_13c_sd,standard_deviation
ISRaD,flux,flx_18o,value_number
ISRaD,flux,flx_2h,value_number
ISRaD,flux,flx_rc_lab,value_string
ISRaD,flux,flx_rc_lab_number,note
ISRaD,flux,flx_rc_year,value_date
ISRaD,flux,flx_14c,value_number
ISRaD,flux,flx_14c_sigma,sigma
ISRaD,flux,flx_14c_sd,standard_deviation
ISRaD,flux,flx_fraction_modern,value_number
ISRaD,flux,flx_fraction_modern_sigma,sigma
ISRaD,flux,flx_fraction_modern_sd,standard_deviation
ISRaD,layer,entry_name,id
ISRaD,layer,site_name,id
ISRaD,layer,pro_name,id
ISRaD,layer,lyr_name,id
ISRaD,layer,lyr_obs_date_y,value_date
ISRaD,layer,lyr_obs_date_m,value_date
ISRaD,layer,lyr_obs_date_d,value_date
ISRaD,layer,lyr_all_org_neg,value_string
ISRaD,layer,lyr_top,value_max
ISRaD,layer,lyr_bot,value_min
ISRaD,layer,lyr_hzn,value_string
ISRaD,layer,lyr_comp,value_string
ISRaD,layer,lyr_igsn,value_number
ISRaD,layer,lyr_note,value_string
ISRaD,layer,lyr_color,value_string
ISRaD,layer,lyr_color_dry,value_string
ISRaD,layer,lyr_burn_ev,value_string
ISRaD,layer,lyr_bd_samp,value_number
ISRaD,layer,lyr_bd_tot,value_number
ISRaD,layer,lyr_bd_notes,method
ISRaD,layer,lyr_sand_tot_psa,value_number
ISRaD,layer,lyr_silt_tot_psa,value_number
ISRaD,layer,lyr_clay_tot_psa,value_number
ISRaD,layer,lyr_coarse_tot,value_number
ISRaD,layer,lyr_coarse_size_thresh,value_number
ISRaD,layer,lyr_coarse_density,value_number
ISRaD,layer,lyr_texture_class,value_factor
ISRaD,layer,lyr_bet_surface_area,value_number
ISRaD,layer,lyr_ph_cacl,value_number
ISRaD,layer,lyr_ph_h2o,value_number
ISRaD,layer,lyr_ph,value_number
ISRaD,layer,lyr_ph_method,method
ISRaD,layer,lyr_cat_exch,value_number
ISRaD,layer,lyr_base_sum,value_number
ISRaD,layer,lyr_cec_sum,value_number
ISRaD,layer,lyr_ca_exch,value_number
ISRaD,layer,lyr_na_exch,value_number
ISRaD,layer,lyr_mg_exch,value_number
ISRaD,layer,lyr_k_exch,value_number
ISRaD,layer,lyr_ecec,value_number
ISRaD,layer,lyr_bs,value_number
ISRaD,layer,lyr_c_inorg,value_number
ISRaD,layer,lyr_c_org,value_number
ISRaD,layer,lyr_c_tot,value_number
ISRaD,layer,lyr_soc,value_number
ISRaD,layer,lyr_soc_sigma,value_number
ISRaD,layer,lyr_n_tot,value_number
ISRaD,layer,lyr_son,value_number
ISRaD,layer,lyr_c_to_n,value_number
ISRaD,layer,lyr_loi,value_number
ISRaD,layer,lyr_ha_fa,value_number
ISRaD,layer,lyr_15n,value_number
ISRaD,layer,lyr_13c,value_number
ISRaD,layer,lyr_rc_lab,value_string
ISRaD,layer,lyr_rc_lab_number,note
ISRaD,layer,lyr_rc_year,value_date
ISRaD,layer,lyr_14c,value_number
ISRaD,layer,lyr_14c_sigma,sigma
ISRaD,layer,lyr_14c_sd,standard_deviation
ISRaD,layer,lyr_fraction_modern,value_number
ISRaD,layer,lyr_fraction_modern_sigma,sigma
ISRaD,layer,lyr_fraction_modern_sd,standard_deviation
ISRaD,layer,lyr_mbc_method,method
ISRaD,layer,lyr_raw_mbc,value_number
ISRaD,layer,lyr_reported_mbc,value_number
ISRaD,layer,lyr_p_ext,value_number
ISRaD,layer,lyr_p_units,unit
ISRaD,layer,lyr_p_method,method
ISRaD,layer,lyr_p_tot,value_number
ISRaD,layer,lyr_p_stock,value_number
ISRaD,layer,lyr_fe_py,value_number
ISRaD,layer,lyr_al_py,value_number
ISRaD,layer,lyr_fe_al_py,value_number
ISRaD,layer,lyr_si_py,value_number
ISRaD,layer,lyr_c_py,value_number
ISRaD,layer,lyr_py_notes,method
ISRaD,layer,lyr_fe_ox,value_number
ISRaD,layer,lyr_al_ox,value_number
ISRaD,layer,lyr_si_ox,value_number
ISRaD,layer,lyr_c_ox,value_number
ISRaD,layer,lyr_noncrystalline_ox,value_number
ISRaD,layer,lyr_ox_notes,method
ISRaD,layer,lyr_fe_hy,value_number
ISRaD,layer,lyr_al_hy,value_number
ISRaD,layer,lyr_si_hy,value_number
ISRaD,layer,lyr_c_hy,value_number
ISRaD,layer,lyr_hy_notes,method
ISRaD,layer,lyr_fe_dith,value_number
ISRaD,layer,lyr_al_dith,value_number
ISRaD,layer,lyr_si_dith,value_number
ISRaD,layer,lyr_dith_notes,method
ISRaD,layer,lyr_quartz,value_number
ISRaD,layer,lyr_alkali_feldspar,value_number
ISRaD,layer,lyr_plag_feldspar,value_number
ISRaD,layer,lyr_mica_chlorite,value_number
ISRaD,layer,lyr_amphibole,value_number
ISRaD,layer,lyr_pyroxine,value_number
ISRaD,layer,lyr_olivine,value_number
ISRaD,layer,lyr_volc_glass,value_number
ISRaD,layer,lyr_kaol_halloy,value_number
ISRaD,layer,lyr_smect_vermic,value_number
ISRaD,layer,lyr_gibbsite,value_number
ISRaD,layer,lyr_fe_oxides,value_number
ISRaD,layer,lyr_imog_alloph,value_number
ISRaD,layer,lyr_ferrihydrite,value_number
ISRaD,layer,lyr_calcite_dolomite,value_number
ISRaD,layer,lyr_zeolite,value_number
ISRaD,layer,lyr_bd_samp_fill_extra,value_number
ISRaD,layer,lyr_c_org_fill_extra,value_number
ISRaD,layer,lyr_soc_fill_extra,value_number
ISRaD,layer,lyr_14c_fill_extra,value_number
ISRaD,layer,lyr_fill_notes_extra,method
ISRaD,fraction,entry_name,id
ISRaD,fraction,site_name,id
ISRaD,fraction,pro_name,id
ISRaD,fraction,lyr_name,id
ISRaD,fraction,frc_name,id
ISRaD,fraction,frc_input,value_string
ISRaD,fraction,frc_property,value_string
ISRaD,fraction,frc_scheme,value_string
ISRaD,fraction,frc_scheme_units,unit
ISRaD,fraction,frc_lower,value_min
ISRaD,fraction,frc_upper,value_max
ISRaD,fraction,frc_agent,value_string
ISRaD,fraction,frc_scheme_conc,value_number
ISRaD,fraction,frc_comp,value_string
ISRaD,fraction,frc_note,method
ISRaD,fraction,frc_mass_perc,value_number
ISRaD,fraction,frc_obs_date_y,value_date
ISRaD,fraction,frc_obs_date_m,value_date
ISRaD,fraction,frc_obs_date_d,value_date
ISRaD,fraction,frc_bet_surface_area,value_number
ISRaD,fraction,frc_c_perc,value_number
ISRaD,fraction,frc_c_tot,value_number
ISRaD,fraction,frc_c_org,value_number
ISRaD,fraction,frc_c_inorg,value_number
ISRaD,fraction,frc_n_tot,value_number
ISRaD,fraction,frc_c_to_n,value_number
ISRaD,fraction,frc_15n,value_number
ISRaD,fraction,frc_13c,value_number
ISRaD,fraction,frc_rc_lab,value_string
ISRaD,fraction,frc_rc_lab_number,note
ISRaD,fraction,frc_rc_year,value_date
ISRaD,fraction,frc_14c,value_number
ISRaD,fraction,frc_14c_sigma,sigma
ISRaD,fraction,frc_14c_sd,standard_deviation
ISRaD,fraction,frc_fraction_modern,value_number
ISRaD,fraction,frc_fraction_modern_sigma,sigma
ISRaD,fraction,frc_fraction_modern_sd,standard_deviation
ISRaD,fraction,frc_mbc_method,method
ISRaD,fraction,frc_raw_mbc,value_number
ISRaD,fraction,frc_reported_mbc,value_number
ISRaD,fraction,frc_fe_py,value_number
ISRaD,fraction,frc_al_py,value_number
ISRaD,fraction,frc_fe_al_py,value_number
ISRaD,fraction,frc_si_py,value_number
ISRaD,fraction,frc_c_py,value_number
ISRaD,fraction,frc_py_notes,method
ISRaD,fraction,frc_fe_ox,value_number
ISRaD,fraction,frc_al_ox,value_number
ISRaD,fraction,frc_si_ox,value_number
ISRaD,fraction,frc_c_ox,value_number
ISRaD,fraction,frc_noncrystalline_ox,value_number
ISRaD,fraction,frc_ox_notes,method
ISRaD,fraction,frc_fe_hy,value_number
ISRaD,fraction,frc_al_hy,value_number
ISRaD,fraction,frc_si_hy,value_number
ISRaD,fraction,frc_c_hy,value_number
ISRaD,fraction,frc_hy_notes,method
ISRaD,fraction,frc_fe_dith,value_number
ISRaD,fraction,frc_al_dith,value_number
ISRaD,fraction,frc_si_dith,value_number
ISRaD,fraction,frc_quartz,value_number
ISRaD,fraction,frc_alkali_feldspar,value_number
ISRaD,fraction,frc_plag_feldspar,value_number
ISRaD,fraction,frc_mica_chlorite,value_number
ISRaD,fraction,frc_amphibole,value_number
ISRaD,fraction,frc_pyroxine,value_number
ISRaD,fraction,frc_olivine,value_number
ISRaD,fraction,frc_volc_glass,value_number
ISRaD,fraction,frc_kaol_halloy,value_number
ISRaD,fraction,frc_smect_vermic,value_number
ISRaD,fraction,frc_gibbsite,value_number
ISRaD,fraction,frc_fe_oxides,value_number
ISRaD,fraction,frc_imog_alloph,value_number
ISRaD,fraction,frc_ferrihydrite,value_number
ISRaD,fraction,frc_zeolite,value_number
ISRaD,incubation,entry_name,id
ISRaD,incubation,site_name,id
ISRaD,incubation,pro_name,id
ISRaD,incubation,lyr_name,id
ISRaD,incubation,frc_name,id
ISRaD,incubation,inc_name,id
ISRaD,incubation,inc_type,value_factor
ISRaD,incubation,inc_note,method
ISRaD,incubation,inc_obs_date_y,value_date
ISRaD,incubation,inc_obs_date_m,value_date
ISRaD,incubation,inc_obs_date_d,value_date
ISRaD,incubation,inc_duration,value_number
ISRaD,incubation,inc_duration_type,value_factor
ISRaD,incubation,inc_anaerobic,value_string
ISRaD,incubation,inc_analyte,value_string
ISRaD,incubation,inc_temp,value_number
ISRaD,incubation,inc_moisture_type,value_factor
ISRaD,incubation,inc_moisture,value_number
ISRaD,incubation,inc_moisture_units,unit
ISRaD,incubation,inc_C_respired,value_number
ISRaD,incubation,inc_flux,value_number
ISRaD,incubation,inc_flux_units,unit
ISRaD,incubation,inc_13c,value_number
ISRaD,incubation,inc_13c_sd,standard_deviation
ISRaD,incubation,inc_rc_lab,value_string
ISRaD,incubation,inc_rc_lab_number,note
ISRaD,incubation,inc_rc_year,value_date
ISRaD,incubation,inc_14c,value_number
ISRaD,incubation,inc_14c_sigma,sigma
ISRaD,incubation,inc_14c_sd,standard_deviation
ISRaD,incubation,inc_fraction_modern,value_number
ISRaD,incubation,inc_fraction_modern_sigma,sigma
ISRaD,incubation,inc_fraction_modern_sd,standard_deviation
ISCNTemplate,metadata,curator_name,value_string
ISCNTemplate,metadata,curator_organization,value_string
ISCNTemplate,metadata,curator_email,value_string
ISCNTemplate,metadata,modification_date,value_date
ISCNTemplate,metadata,contact_name,value_string
ISCNTemplate,metadata,contact_email,value_string
ISCNTemplate,metadata,dataset_name,id
ISCNTemplate,metadata,dataset_description,value_string
ISCNTemplate,metadata,reference,value_string
ISCNTemplate,metadata,citation,value_string
ISCNTemplate,metadata,citation_usage,value_string
ISCNTemplate,metadata,acknowledgement,value_string
ISCNTemplate,metadata,acknowledgement_usage,value_string
ISCNTemplate,metadata,c_est_method,method
ISCNTemplate,metadata,c_est_note,note
ISCNTemplate,metadata,lab_method,method
ISCNTemplate,metadata,metadata_general,value_string
ISCNTemplate,metadata,missdata_param,value_string
ISCNTemplate,metadata,resample,value_string
ISCNTemplate,metadata,funding_organization,value_string
ISCNTemplate,site,site_name,id
ISCNTemplate,site,site_note,note
ISCNTemplate,site,country,value_factor
ISCNTemplate,site,province,value_factor
ISCNTemplate,site,state,value_factor
ISCNTemplate,site,county,value_factor
ISCNTemplate,site,lat,value_number
ISCNTemplate,site,long,value
ISCNTemplate,site,datum,method
ISCNTemplate,site,location_acc,value_number
ISCNTemplate,site,elevation,value_number
ISCNTemplate,site,vegclass_nat,value_factor
ISCNTemplate,site,vegclass,value_factor
ISCNTemplate,site,vegclass_local,value_factor
ISCNTemplate,site,vegclass_local_type,method
ISCNTemplate,site,veg_note,note
ISCNTemplate,site,landscape,value_factor
ISCNTemplate,site,landform,value_factor
ISCNTemplate,site,2d_position,value_factor
ISCNTemplate,site,landform_note,note
ISCNTemplate,site,parent,value_string
ISCNTemplate,site,aspect_deg,value_number
ISCNTemplate,site,aspect_cl,value_factor
ISCNTemplate,site,slope,value_number
ISCNTemplate,site,stand_age,value_number
ISCNTemplate,site,stand_maturity,value_string
ISCNTemplate,site,successional_status,value_string
ISCNTemplate,site,drainagecl,value_factor
ISCNTemplate,site,depth_water,value_number
ISCNTemplate,site,thaw_depth_site,value_number
ISCNTemplate,site,bedrock_depth,value_number
ISCNTemplate,site,climate_station,value_string
ISCNTemplate,site,ffdays,value_number
ISCNTemplate,site,flood_freq,value_string
ISCNTemplate,site,geo_form,value_string
ISCNTemplate,site,map,value_number
ISCNTemplate,site,mat,value_number
ISCNTemplate,site,mast,value_number
ISCNTemplate,site,pond_freq,value_string
ISCNTemplate,site,runoff,value_factor
ISCNTemplate,site,site_perm,value_string
ISCNTemplate,site,water_table_duration,value_number
ISCNTemplate,site,cflux_note,note
ISCNTemplate,site,climate_note,note
ISCNTemplate,site,eco_note,note
ISCNTemplate,site,photo_note,noe
ISCNTemplate,site,soiltemp_note,note
ISCNTemplate,site,add_note,note
ISCNTemplate,site,soc,value_number
ISCNTemplate,site,soc_type,value_factor
ISCNTemplate,site,soc_pcount,value_string
ISCNTemplate,site,soc_depth,value_number
ISCNTemplate,site,soc_sigma,sigma
ISCNTemplate,site,soc_method,method
ISCNTemplate,cluster,cluster_name,id
ISCNTemplate,cluster,cluster_note,note
ISCNTemplate,profile,site_name,id
ISCNTemplate,profile,cluster_name,id
ISCNTemplate,profile,profile_name,id
ISCNTemplate,profile,profile_note,note
ISCNTemplate,profile,layer_method,method
ISCNTemplate,profile,profile_method,method
ISCNTemplate,profile,observation_date,value_date
ISCNTemplate,profile,observation_date_acc,accuracy
ISCNTemplate,profile,transect_flag,value_factor
ISCNTemplate,profile,surface_veg,value_string
ISCNTemplate,profile,soil_taxon,value_string
ISCNTemplate,profile,soil_series,value_string
ISCNTemplate,profile,add_taxon_flag,value_factor
ISCNTemplate,profile,thaw_depth_profile,value_number
ISCNTemplate,profile,sampler_names,value_string
ISCNTemplate,profile,soc,value_number
ISCNTemplate,profile,soc_type,value_factor
ISCNTemplate,profile,soc_depth,value_number
ISCNTemplate,profile,soc_method,method
ISCNTemplate,profile,soc_sigma,sigma
ISCNTemplate,profile,soc_lcount,value_number
ISCNTemplate,layer,site_name,id
ISCNTemplate,layer,cluster_name,id
ISCNTemplate,layer,profile_name,id
ISCNTemplate,layer,layer_name,id
ISCNTemplate,layer,layer_number,value_string
ISCNTemplate,layer,labeled_addition,value_string
ISCNTemplate,layer,layer_top,value_number
ISCNTemplate,layer,layer_bot,value_number
ISCNTemplate,layer,hzn_desgn,value_string
ISCNTemplate,layer,hzn_desgn_other,value_string
ISCNTemplate,layer,hzn_desgn_other_note,note
ISCNTemplate,layer,layer_note,value_string
ISCNTemplate,layer,c_method,method
ISCNTemplate,layer,color,value_string
ISCNTemplate,layer,burn_ev,value_string
ISCNTemplate,layer,bd_method,method
ISCNTemplate,layer,bd_samp,value_number
ISCNTemplate,layer,bd_tot,value_number
ISCNTemplate,layer,bd_whole,value_number
ISCNTemplate,layer,bd_other,value_number
ISCNTemplate,layer,ph_method,method
ISCNTemplate,layer,ph_cacl,value_number
ISCNTemplate,layer,ph_h2o,value_number
ISCNTemplate,layer,ph_other,value_number
ISCNTemplate,layer,caco3,value_number
ISCNTemplate,layer,sand_tot_psa,value_number
ISCNTemplate,layer,silt_tot_psa,value_number
ISCNTemplate,layer,clay_tot_psa,value_number
ISCNTemplate,layer,wpg2_method,method
ISCNTemplate,layer,wpg2,value
ISCNTemplate,layer,cat_exch,value_number
ISCNTemplate,layer,gwc,value_number
ISCNTemplate,layer,vwc,value_number
ISCNTemplate,layer,soc,value_number
ISCNTemplate,layer,soc_type,value_factor
ISCNTemplate,layer,soc_sigma,sigma
ISCNTemplate,layer,soc_method,method
ISCNTemplate,layer,c_tot,value_number
ISCNTemplate,layer,oc,value_number
ISCNTemplate,layer,n_tot,value_number
ISCNTemplate,layer,c_to_n,value_number
ISCNTemplate,layer,loi,value_number
ISCNTemplate,layer,root_quant_size,value_string
ISCNTemplate,layer,root_weight,value_number
ISCNTemplate,layer,15n,value_number
ISCNTemplate,layer,13c,value_number
ISCNTemplate,layer,rc_lab,value_string
ISCNTemplate,layer,rc_lab_number,value_number
ISCNTemplate,layer,rc_year,value_number
ISCNTemplate,layer,14c,value_number
ISCNTemplate,layer,14c_sigma,sigma
ISCNTemplate,layer,14c_age,value_number
ISCNTemplate,layer,14c_age_sigma,sigma
ISCNTemplate,layer,fraction_modern,value_string
ISCNTemplate,layer,fraction_modern_sigma,sigma
ISCNTemplate,layer,textureClass,value_factor
ISCNTemplate,fraction,site_name,id
ISCNTemplate,fraction,cluster_name,id
ISCNTemplate,fraction,profile_name,id
ISCNTemplate,fraction,layer_name,id
ISCNTemplate,fraction,fraction_name,id
ISCNTemplate,fraction,fraction_number,value_string
ISCNTemplate,fraction,labeled_addition,value_string
ISCNTemplate,fraction,fraction_scheme,value_string
ISCNTemplate,fraction,fraction_property,value_string
ISCNTemplate,fraction,fraction_scheme_units,unit
ISCNTemplate,fraction,fraction_type,value_string
ISCNTemplate,fraction,fraction_agent,value_string
ISCNTemplate,fraction,fraction_note,value_string
ISCNTemplate,fraction,fraction_c_perc,value_number
ISCNTemplate,fraction,fraction_mass_perc,value_number
ISCNTemplate,fraction,oc,value_number
ISCNTemplate,fraction,c_method,method
ISCNTemplate,fraction,c_tot,value_number
ISCNTemplate,fraction,n_tot,value_number
ISCNTemplate,fraction,c_to_n,value_number
ISCNTemplate,fraction,loi,value_number
ISCNTemplate,fraction,15n,value_number
ISCNTemplate,fraction,13c,value_number
ISCNTemplate,fraction,rc_lab,value_string
ISCNTemplate,fraction,rc_lab_number,value_number
ISCNTemplate,fraction,rc_year,value_number
ISCNTemplate,fraction,14c,value_number
ISCNTemplate,fraction,14c_sigma,sigma
ISCNTemplate,fraction,14c_age,value_number
ISCNTemplate,fraction,14c_age_sigma,sigma
ISCNTemplate,fraction,fraction_modern,value_string
ISCNTemplate,fraction,fraction_modern_sigma,sigma
ISCNTemplate,gas,site_name,id
ISCNTemplate,gas,cluster_name,id
ISCNTemplate,gas,profile_name,id
ISCNTemplate,gas,layer_name,id
ISCNTemplate,gas,gas_name,id
ISCNTemplate,gas,rc_lab,value_string
ISCNTemplate,gas,rc_lab_number,note
ISCNTemplate,gas,rc_year,value_date
ISCNTemplate,gas,labeled_addition,value_string
ISCNTemplate,gas,gas_number,value_string
ISCNTemplate,gas,gas_type,value_string
ISCNTemplate,gas,gas_note,note
ISCNTemplate,gas,gas_time_series,value_string
ISCNTemplate,gas,c_method,method
ISCNTemplate,gas,collection_method,method
ISCNTemplate,gas,collection_loc,method
ISCNTemplate,gas,15n,value_number
ISCNTemplate,gas,c_conc_CO2,value_number
ISCNTemplate,gas,13c_CO2,value_number
ISCNTemplate,gas,14c_CO2,value_number
ISCNTemplate,gas,14c_CO2_sigma,sigma
ISCNTemplate,gas,14c_age_CO2,value_number
ISCNTemplate,gas,14c_age_CO2_sigma,sigma
ISCNTemplate,gas,fraction_modern_CO2,value_number
ISCNTemplate,gas,fraction_modern_CO2_sigma,sigma
ISCNTemplate,gas,c_conc_CH4,value_number
ISCNTemplate,gas,13c_CH4,value_number
ISCNTemplate,gas,14c_CH4,value_number
ISCNTemplate,gas,14c_CH4_sigma,sigma
ISCNTemplate,gas,14c_age_CH4,value_number
ISCNTemplate,gas,14c_age_CH4_sigma,sigma
ISCNTemplate,gas,fraction_modern_CH4,value_number
ISCNTemplate,gas,fraction_modern_CH4_sigma,sigma
ISCNTemplate,other,site_name,id
ISCNTemplate,other,cluster_name,id
ISCNTemplate,other,profile_name,id
ISCNTemplate,other,layer_name,id
ISCNTemplate,other,other_name,id
ISCNTemplate,other,labeled_addition,value_string
ISCNTemplate,other,other_number,value_string
ISCNTemplate,other,other_type,value_string
ISCNTemplate,other,other_note,note
ISCNTemplate,other,collection_method,method
ISCNTemplate,other,c_method,method
ISCNTemplate,other,processing_method,method
ISCNTemplate,other,oc,value_number
ISCNTemplate,other,c_tot,value_number
ISCNTemplate,other,n_tot,value_number
ISCNTemplate,other,c_to_n,value_number
ISCNTemplate,other,plant_species,value_string
ISCNTemplate,other,root_live_flag,value_factor
ISCNTemplate,other,root_quant_size,value_string
ISCNTemplate,other,compound_formula,value_string
ISCNTemplate,other,compound,value_string
ISCNTemplate,other,15n,value_number
ISCNTemplate,other,13c,value_number
ISCNTemplate,other,rc_lab,value_string
ISCNTemplate,other,rc_lab_number,note
ISCNTemplate,other,rc_year,value_date
ISCNTemplate,other,14c,value_number
ISCNTemplate,other,14c_sigma,sigma
ISCNTemplate,other,14c_age,value_number
ISCNTemplate,other,14c_age_sigma,sigma
ISCNTemplate,other,fraction_modern,value_string
ISCNTemplate,other,fraction_modern_sigma,sigma
ISCNTemplate,disturbance,site_name,id
ISCNTemplate,disturbance,dist_clearcut_date,value_date
ISCNTemplate,disturbance,dist_clearcut_removal_type,value_string
ISCNTemplate,disturbance,dist_clearcut_removal_perc,value_number
ISCNTemplate,disturbance,dist_clearcut_date_qual,value_date
ISCNTemplate,disturbance,dist_clearcut_date_note,note
ISCNTemplate,disturbance,dist_crop_residue_date,value_date
ISCNTemplate,disturbance,dist_crop_residue_type,value_string
ISCNTemplate,disturbance,dist_crop_residue_perc,value_number
ISCNTemplate,disturbance,dist_crop_residue_date_qual,value_string
ISCNTemplate,disturbance,dist_crop_residue_date_note,note
ISCNTemplate,disturbance,dist_fire_date,value_date
ISCNTemplate,disturbance,dist_fire_severity,value_string
ISCNTemplate,disturbance,dist_fire_date_qual,value_date
ISCNTemplate,disturbance,dist_fire_date_note,note
ISCNTemplate,disturbance,dist_fwd_removal_date,value_date
ISCNTemplate,disturbance,dist_fwd_removal_perc,value_number
ISCNTemplate,disturbance,dist_fwd_removal_date_qual,value_string
ISCNTemplate,disturbance,dist_fwd_removal_date_note,note
ISCNTemplate,disturbance,dist_general_date,value_date
ISCNTemplate,disturbance,dist_general_date_qual,value_date
ISCNTemplate,disturbance,dist_general_date_note,note
ISCNTemplate,disturbance,dist_grazed_date,value_date
ISCNTemplate,disturbance,dist_grazed_spp,value_string
ISCNTemplate,disturbance,dist_grazed_stocking,value_number
ISCNTemplate,disturbance,dist_grazed_live_weight,value_number
ISCNTemplate,disturbance,dist_grazed_onplot,value_number
ISCNTemplate,disturbance,dist_grazed_daynight,value_string
ISCNTemplate,disturbance,dist_grazed_date_qual,value_date
ISCNTemplate,disturbance,dist_grazed_date_note,note
ISCNTemplate,disturbance,dist_harvest_date,value_date
ISCNTemplate,disturbance,dist_harvest_residue_type,value_string
ISCNTemplate,disturbance,dist_harvest_residue_perc,value_number
ISCNTemplate,disturbance,dist_harvest_spp,value_string
ISCNTemplate,disturbance,dist_harvest_date_qual,value_string
ISCNTemplate,disturbance,dist_harvest_date_note,note
ISCNTemplate,disturbance,dist_herbicide_date,value_date
ISCNTemplate,disturbance,dist_herbicide_type,value_string
ISCNTemplate,disturbance,dist_herbicide_kgha,value_number
ISCNTemplate,disturbance,dist_herbicide_date_qual,value_string
ISCNTemplate,disturbance,dist_herbicide_date_note,note
ISCNTemplate,disturbance,dist_insect_and_pathogen_date,value_date
ISCNTemplate,disturbance,dist_insect_and_pathogen_date_qual,value_date
ISCNTemplate,disturbance,dist_insect_and_pathogen_date_note,note
ISCNTemplate,disturbance,dist_irrigation_date,value_date
ISCNTemplate,disturbance,dist_irrigation_water,value_number
ISCNTemplate,disturbance,dist_irrigation_drain_depth,value_number
ISCNTemplate,disturbance,dist_irrigation_date_qual,value_string
ISCNTemplate,disturbance,dist_irrigation_date_note,note
ISCNTemplate,disturbance,dist_liming_date,value_date
ISCNTemplate,disturbance,dist_liming_kgha,value_number
ISCNTemplate,disturbance,dist_liming_date_qual,value_date
ISCNTemplate,disturbance,dist_liming_date_note,note
ISCNTemplate,disturbance,dist_m_fertilization_date,value_date
ISCNTemplate,disturbance,dist_m_fertilization_type,value_string
ISCNTemplate,disturbance,dist_m_fertilization_kgha,value_number
ISCNTemplate,disturbance,dist_m_fertilization_form,value_string
ISCNTemplate,disturbance,dist_m_fertilization_method,method
ISCNTemplate,disturbance,dist_m_fertilization_date_qual,value_string
ISCNTemplate,disturbance,dist_m_fertilization_date_note,note
ISCNTemplate,disturbance,dist_natural_regeneration_date,value_date
ISCNTemplate,disturbance,dist_natural_regeneration_type,value_string
ISCNTemplate,disturbance,dist_natural_regeneration_date_qual,value_date
ISCNTemplate,disturbance,dist_natural_regeneration_date_note,value_date
ISCNTemplate,disturbance,dist_o_fertilization_date,value_date
ISCNTemplate,disturbance,dist_o_fertilization_type,value_string
ISCNTemplate,disturbance,dist_o_fertilization_kgha,value_number
ISCNTemplate,disturbance,dist_o_fertilization_c,value_number
ISCNTemplate,disturbance,dist_o_fertilization_n,value_number
ISCNTemplate,disturbance,dist_o_fertilization_method,method
ISCNTemplate,disturbance,dist_o_fertilization_date_qual,value_date
ISCNTemplate,disturbance,dist_o_fertilization_date_note,note
ISCNTemplate,disturbance,dist_pesticide_date,value_date
ISCNTemplate,disturbance,dist_pesticide_kgha,value_number
ISCNTemplate,disturbance,dist_pesticide_type,value_string
ISCNTemplate,disturbance,dist_pesticide_date_qual,value_date
ISCNTemplate,disturbance,dist_pesticide_date_note,value_date
ISCNTemplate,disturbance,dist_planting_date,value_date
ISCNTemplate,disturbance,dist_planting_seed,value_number
ISCNTemplate,disturbance,dist_planting_spp,value_string
ISCNTemplate,disturbance,dist_planting_date_qual,value_date
ISCNTemplate,disturbance,dist_planting_date_note,note
ISCNTemplate,disturbance,dist_storm_date,value_date
ISCNTemplate,disturbance,dist_storm_date_qual,value_string
ISCNTemplate,disturbance,dist_storm_date_note,note
ISCNTemplate,disturbance,dist_thinning_date,value_date
ISCNTemplate,disturbance,dist_thinning_removal_type,value_string
ISCNTemplate,disturbance,dist_thinning_perc,value_number
ISCNTemplate,disturbance,dist_thinning_basal_area,?
ISCNTemplate,disturbance,dist_thinning_date_qual,value_date
ISCNTemplate,disturbance,dist_thinning_date_note,note
ISCNTemplate,disturbance,dist_tillage_date,value_date
ISCNTemplate,disturbance,dist_tillage_type,value_string
ISCNTemplate,disturbance,dist_tillage_depth,value_number
ISCNTemplate,disturbance,dist_tillage_date_qual,value_date
ISCNTemplate,disturbance,dist_tillage_date_note,note
ISCNTemplate,disturbance,dist_ungrazed_date,value_date
ISCNTemplate,disturbance,dist_ungrazed_duration,value_number
ISCNTemplate,disturbance,dist_ungrazed_date_qual,value_date
ISCNTemplate,disturbance,dist_ungrazed_date_note,note
ISCNTemplate,disturbance,dist_wildfire_date,value_date
ISCNTemplate,disturbance,dist_wildfire_severity,value_string
ISCNTemplate,disturbance,dist_wildfire_date_qual,value_date
ISCNTemplate,disturbance,dist_wildfire_date_note,note
ISCNTemplate,disturbance,dist_underburn_date,value_date
ISCNTemplate,disturbance,dist_underburn_perc,value_number
ISCNTemplate,disturbance,dist_underburn_date_qual,value_date
ISCNTemplate,disturbance,dist_underburn_date_note,note
ISCNTemplate,disturbance,dist_windthrow_date,value_date
ISCNTemplate,disturbance,dist_windthrow_perc,value_number
ISCNTemplate,disturbance,dist_windthrow_date_qual,value_date
ISCNTemplate,disturbance,dist_windthrow_date_note,note
ISCNTemplate,disturbance,dist_woody_encroachment_date,value_date
ISCNTemplate,disturbance,dist_woody_encroachment_date_qual,value_date
ISCNTemplate,disturbance,dist_woody_encroachment_date_note,note
ISCNTemplate,cluster,site_name,id
ISCNTemplate,cluster,soc,value_number
ISCNTemplate,cluster,soc_type,value_factor
ISCNTemplate,cluster,soc_pcount,method
ISCNTemplate,cluster,soc_depth,value_number
ISCNTemplate,cluster,soc_sigma,sigma
ISCNTemplate,cluster,soc_method,method
SIDb,Andrews2000SBB,name,value_string
SIDb,Andrews2000SBB,varDesc,value_string
SIDb,Andrews2000SBB,site,id
SIDb,Andrews2000SBB,elevatedCO2,value_factor
SIDb,Andrews2000SBB,temperature,value_number
SIDb,Andrews2000SBB,gasMeasured,value_factor
SIDb,Andrews2000SBB,units,unit
SIDb,Andrews2000SBB,primaryVariable,?
SIDb,Andrews2000SBB,citationKey,id
SIDb,Andrews2000SBB,ID,id
SIDb,Andrews2000SBB,top,value_min
SIDb,Andrews2000SBB,bottom,value_max
SIDb,Andrews2000SBB,midDepth,value_mean
SIDb,Andrews2000SBB,moisture,value_string
SIDb,Andrews2000SBB,moisture.units,unit (value_factor)
SIDb,Andrews2000SBB,replicates,value_number
SIDb,Andrews2000SBB,replicates.type,value_factor
SIDb,Andrews2000SBB,samplePreparation.intactCore,value_factor
SIDb,Andrews2000SBB,samplePreparation.rootPicking,value_factor
SIDb,Andrews2000SBB,incDesc,method
SIDb,Andrews2000SBB,incubationTime,value_number
SIDb,Andrews2000SBB,gasAnalyzer,value_string
SIDb,Andrews2000SBB,country,value_string
SIDb,Andrews2000SBB,landCover,value_factor
SIDb,Andrews2000SBB,vegNote,note
SIDb,Andrews2000SBB,latitude,value_number
SIDb,Andrews2000SBB,longitude,value_number
SIDb,Andrews2000SBB,soilOrder,value_string
SIDb,Andrews2000SBB,soilFamily,value_string
SIDb,Andrews2000SBB,classificationSystem,value_factor
SIDb,Arevalo2012,name,value_string
SIDb,Arevalo2012,varDesc,value_string
SIDb,Arevalo2012,site,id
SIDb,Arevalo2012,units,units
SIDb,Arevalo2012,temperature,value_number
SIDb,Arevalo2012,landCover,value_factor
SIDb,Arevalo2012,citationKey,id
SIDb,Arevalo2012,ID,id
SIDb,Arevalo2012,top,value_min
SIDb,Arevalo2012,bottom,value_max
SIDb,Arevalo2012,midDepth,value_mean
SIDb,Arevalo2012,moisture,value_string
SIDb,Arevalo2012,moisture.units,unit (value_factor)
SIDb,Arevalo2012,replicates,value_number
SIDb,Arevalo2012,replicates.type,value_factor
SIDb,Arevalo2012,samplePreparation.intactCore,value_factor
SIDb,Arevalo2012,samplePreparation.sieving,value_factor or value_num
SIDb,Arevalo2012,incubationTime,value_number
SIDb,Arevalo2012,gasAnalyzer,value_string
SIDb,Arevalo2012,country,value_string
SIDb,Arevalo2012,latitude,value_number
SIDb,Arevalo2012,longitude,value_number
SIDb,Arevalo2012,soilOrder,value_string
SIDb,Arevalo2012,classificationSystem,value_factor
SIDb,Barrett2006,name,value_string
SIDb,Barrett2006,temperature,value_number
SIDb,Barrett2006,moisture,value_string
SIDb,Barrett2006,site,id
SIDb,Barrett2006,varDesc,value_string
SIDb,Barrett2006,units,unit
SIDb,Barrett2006,citationKey,id
SIDb,Barrett2006,ID,id
SIDb,Barrett2006,top,value_min
SIDb,Barrett2006,bottom,value_max
SIDb,Barrett2006,midDepth,value_mean
SIDb,Barrett2006,moisture.units,value_factor
SIDb,Barrett2006,samplePreparation.intactCore,value_factor
SIDb,Barrett2006,samplePreparation.sieving,value_factor
SIDb,Barrett2006,incubationTime,value_number
SIDb,Barrett2006,gasAnalyzer,value_string
SIDb,Barrett2006,country,value_string
SIDb,Barrett2006,elevation,value_number
SIDb,Barrett2006,landCover,value_factor
SIDb,Barrett2006,latitude,value_number
SIDb,Barrett2006,longitude,value_number
SIDb,Barrett2006,soilOrder,value_string
SIDb,Barrett2006,classificationSystem,value_factor
SIDb,Bracho2016SBB,name,value_string
SIDb,Bracho2016SBB,varDesc,value_string
SIDb,Bracho2016SBB,site,id
SIDb,Bracho2016SBB,fieldWarming,value_factor
SIDb,Bracho2016SBB,midDepth,value_mean
SIDb,Bracho2016SBB,temperature,value_number
SIDb,Bracho2016SBB,gasMeasured,value_string
SIDb,Bracho2016SBB,units,units
SIDb,Bracho2016SBB,statistic,value_factor or value_num
SIDb,Bracho2016SBB,citationKey,id
SIDb,Bracho2016SBB,ID,id
SIDb,Bracho2016SBB,surfaceAtm,value_factor
SIDb,Bracho2016SBB,moisture,value_string
SIDb,Bracho2016SBB,moisture.units,unit
SIDb,Bracho2016SBB,replicates,value_number
SIDb,Bracho2016SBB,replicates.type,value_factor
SIDb,Bracho2016SBB,samplePreparation.intactCore,value_factor
SIDb,Bracho2016SBB,samplePreparation.sieving,value_factor or value_num
SIDb,Bracho2016SBB,samplePreparation.rootPicking,value_factor
SIDb,Bracho2016SBB,samplePreparation.rockPicking,value_factor
SIDb,Bracho2016SBB,incDesc,method
SIDb,Bracho2016SBB,incubationTime,value_number
SIDb,Bracho2016SBB,gasAnalyzer,value_string
SIDb,Bracho2016SBB,country,value_string
SIDb,Bracho2016SBB,MAT,value_number
SIDb,Bracho2016SBB,MAP,value_number
SIDb,Bracho2016SBB,landCover,value_factor
SIDb,Bracho2016SBB,vegNote,note
SIDb,Bracho2016SBB,latitude,value_number
SIDb,Bracho2016SBB,longitude,value_number
SIDb,Bracho2016SBB,soilOrder,value_string
SIDb,Bracho2016SBB,classificationSystem,value_factor
SIDb,Bracho2016SBB,permafrostExist,value_factor
SIDb,Bracho2016SBB,activeLayer,value_number
SIDb,BradleyCook2016,name,value_string
SIDb,BradleyCook2016,varDesc,value_string
SIDb,BradleyCook2016,site,id
SIDb,BradleyCook2016,vegetation,value_string
SIDb,BradleyCook2016,midDepth,value_mean
SIDb,BradleyCook2016,moisture,value_string
SIDb,BradleyCook2016,temperature,value_number
SIDb,BradleyCook2016,gasMeasured,value_string
SIDb,BradleyCook2016,units,units
SIDb,BradleyCook2016,statistic,value_factor or value_num
SIDb,BradleyCook2016,citationKey,id
SIDb,BradleyCook2016,ID,id
SIDb,BradleyCook2016,moisture.units,unit
SIDb,BradleyCook2016,replicates,value_number
SIDb,BradleyCook2016,replicates.type,value_factor
SIDb,BradleyCook2016,samplePreparation.intactCore,value_factor
SIDb,BradleyCook2016,samplePreparation.sieving,value_factor or value_num
SIDb,BradleyCook2016,samplePreparation.rootPicking,value_factor
SIDb,BradleyCook2016,samplePreparation.rockPicking,value_factor
SIDb,BradleyCook2016,incDesc,method
SIDb,BradleyCook2016,incubationTime,value_number
SIDb,BradleyCook2016,gasAnalyzer,value_string
SIDb,BradleyCook2016,country,value_string
SIDb,BradleyCook2016,MAT,value_number
SIDb,BradleyCook2016,MAP,value_number
SIDb,BradleyCook2016,landCover,value_factor
SIDb,BradleyCook2016,vegNote,note
SIDb,BradleyCook2016,latitude,value_number
SIDb,BradleyCook2016,longitude,value_number
SIDb,BradleyCook2016,soilOrder,value_string
SIDb,BradleyCook2016,classificationSystem,value_factor
SIDb,BradleyCook2016,permafrostExist,value_factor
SIDb,Conant2008,name,value_string
SIDb,Conant2008,temperature,value_number
SIDb,Conant2008,varDesc,value_string
SIDb,Conant2008,units,unit
SIDb,Conant2008,site,id
SIDb,Conant2008,citationKey,id
SIDb,Conant2008,ID,id
SIDb,Conant2008,moisture,value_string
SIDb,Conant2008,moisture.units,unit
SIDb,Conant2008,replicates,value_number
SIDb,Conant2008,replicates.type,value_factor
SIDb,Conant2008,samplePreparation.intactCore,value_factor
SIDb,Conant2008,incDesc,method
SIDb,Conant2008,incubationTime,value_number
SIDb,Conant2008,gasAnalyzer,value_string
SIDb,Conant2008,country,value_string
SIDb,Conant2008,MAT,value_number
SIDb,Conant2008,MAP,value_number
SIDb,Conant2008,landCover,value_factor
SIDb,Conant2008,latitude,value_number
SIDb,Conant2008,longitude,value_number
SIDb,Craine2010NatGeo,name,value_string
SIDb,Craine2010NatGeo,varDesc,value_string
SIDb,Craine2010NatGeo,site,id
SIDb,Craine2010NatGeo,experimentalTreatment,value_factor
SIDb,Craine2010NatGeo,laboratoryTreatment,value_factor
SIDb,Craine2010NatGeo,gasMeasured,value_string
SIDb,Craine2010NatGeo,units,unit
SIDb,Craine2010NatGeo,statistic,value_factor or value_num
SIDb,Craine2010NatGeo,citationKey,id
SIDb,Craine2010NatGeo,ID,id
SIDb,Craine2010NatGeo,top,value_min
SIDb,Craine2010NatGeo,bottom,value_max
SIDb,Craine2010NatGeo,midDepth,value_mean
SIDb,Craine2010NatGeo,horizon,value_string
SIDb,Craine2010NatGeo,moisture,value_string
SIDb,Craine2010NatGeo,moisture.units,unit
SIDb,Craine2010NatGeo,replicates,value_number
SIDb,Craine2010NatGeo,replicates.type,value_factor
SIDb,Craine2010NatGeo,samplePreparation.intactCore,value_factor
SIDb,Craine2010NatGeo,samplePreparation.sieving,value_factor or value_num
SIDb,Craine2010NatGeo,incDesc,method
SIDb,Craine2010NatGeo,temperature,value_number
SIDb,Craine2010NatGeo,incubationTime,value_number
SIDb,Craine2010NatGeo,preincubationTime,value_number
SIDb,Craine2010NatGeo,gasAnalyzer,value_string
SIDb,Craine2010NatGeo,country,value_string
SIDb,Craine2010NatGeo,MAT,value_number
SIDb,Craine2010NatGeo,MAP,value_number
SIDb,Craine2010NatGeo,latitude,value_number
SIDb,Craine2010NatGeo,longitude,value_number
SIDb,Crow2019a,name,value_string
SIDb,Crow2019a,varDesc,value_string
SIDb,Crow2019a,site,id
SIDb,Crow2019a,units,unit
SIDb,Crow2019a,citationKey,id
SIDb,Crow2019a,ID,id
SIDb,Crow2019a,top,value_min
SIDb,Crow2019a,bottom,value_max
SIDb,Crow2019a,midDepth,value_mean
SIDb,Crow2019a,moisture,value_string
SIDb,Crow2019a,moisture.units,unit
SIDb,Crow2019a,replicates,value_number
SIDb,Crow2019a,samplePreparation.sieving,value_factor or value_num
SIDb,Crow2019a,samplePreparation.rootPicking,value_factor
SIDb,Crow2019a,samplePreparation.rockPicking,value_factor
SIDb,Crow2019a,samplePreparation.intactCore,value_factor
SIDb,Crow2019a,incDesc,method
SIDb,Crow2019a,temperature,value_number
SIDb,Crow2019a,incubationTime,value_number
SIDb,Crow2019a,preincubationTime,value_number
SIDb,Crow2019a,gasAnalyzer,value_string
SIDb,Crow2019a,country,value_string
SIDb,Crow2019a,MAT,value_number
SIDb,Crow2019a,MAP,value_number
SIDb,Crow2019a,landCover,value_factor
SIDb,Crow2019a,vegNote,note
SIDb,Crow2019a,latitude,value_number
SIDb,Crow2019a,longitude,value_number
SIDb,Crow2019a,soilOrder,value_string
SIDb,Crow2019a,soilSeries,value_string
SIDb,Crow2019a,classificationSystem,value_factor
SIDb,Crow2019b,name,value_string
SIDb,Crow2019b,varDesc,value_string
SIDb,Crow2019b,site,id
SIDb,Crow2019b,temperature,value_number
SIDb,Crow2019b,units,unit
SIDb,Crow2019b,gasMeasured,value_string
SIDb,Crow2019b,statistic,value_factor or value_num
SIDb,Crow2019b,citationKey,id
SIDb,Crow2019b,ID,id
SIDb,Crow2019b,midDepth,value_mean
SIDb,Crow2019b,moisture,value_string
SIDb,Crow2019b,moisture.units,unit
SIDb,Crow2019b,replicates,value_number
SIDb,Crow2019b,replicates.type,value_factor
SIDb,Crow2019b,samplePreparation.intactCore,value_factor
SIDb,Crow2019b,samplePreparation.sieving,value_factor or value_num
SIDb,Crow2019b,samplePreparation.rootPicking,value_factor
SIDb,Crow2019b,samplePreparation.rockPicking,value_factor
SIDb,Crow2019b,incDesc,method
SIDb,Crow2019b,incubationTime,value_number
SIDb,Crow2019b,preincubationTime,value_number
SIDb,Crow2019b,gasAnalyzer,value_string
SIDb,Crow2019b,country,value_string
SIDb,Crow2019b,MAT,value_number
SIDb,Crow2019b,MAP,value_number
SIDb,Crow2019b,elevation,value_number
SIDb,Crow2019b,landCover,value_factor
SIDb,Crow2019b,latitude,value_number
SIDb,Crow2019b,longitude,value_number
SIDb,Crow2019b,soilOrder,value_string
SIDb,Crow2019b,soilSeries,value_string
SIDb,Crow2019b,classificationSystem,value_factor
SIDb,Crow2019b,permafrostExist,value_factor
SIDb,Dalias2001,name,value_string
SIDb,Dalias2001,varDesc,value_string
SIDb,Dalias2001,site,id
SIDb,Dalias2001,temperature,value_number
SIDb,Dalias2001,horizon,value_string
SIDb,Dalias2001,units,unit
SIDb,Dalias2001,moisture,value_string
SIDb,Dalias2001,citationKey,id
SIDb,Dalias2001,ID,id
SIDb,Dalias2001,moisture.units,unit
SIDb,Dalias2001,replicates,value_number
SIDb,Dalias2001,replicates.type,value_factor
SIDb,Dalias2001,samplePreparation.intactCore,value_factor
SIDb,Dalias2001,samplePreparation.sieving,value_factor or value_num
SIDb,Dalias2001,samplePreparation.rootPicking,value_factor
SIDb,Dalias2001,samplePreparation.rockPicking,value_factor
SIDb,Dalias2001,incDesc,method
SIDb,Dalias2001,incubationTime,value_number
SIDb,Dalias2001,gasAnalyzer,value_string
SIDb,Dalias2001,country,value_string
SIDb,Dalias2001,MAT,value_number
SIDb,Dalias2001,MAP,value_number
SIDb,Dalias2001,landCover,value_factor
SIDb,Dalias2001,vegNote,note
SIDb,Dalias2001,latitude,value_number
SIDb,Dalias2001,longitude,value_number
SIDb,Dalias2001,soilSeries,value_string
SIDb,Dalias2001,classificationSystem,value_factor
SIDb,Doetterl2015,name,value_string
SIDb,Doetterl2015,varDesc,value_string
SIDb,Doetterl2015,site,id
SIDb,Doetterl2015,units,unit
SIDb,Doetterl2015,statistic,value_factor or value_num
SIDb,Doetterl2015,citationKey,id
SIDb,Doetterl2015,ID,id
SIDb,Doetterl2015,top,value_min
SIDb,Doetterl2015,bottom,value_max
SIDb,Doetterl2015,midDepth,value_mean
SIDb,Doetterl2015,moisture,value_string
SIDb,Doetterl2015,moisture.units,unit
SIDb,Doetterl2015,replicates,value_number
SIDb,Doetterl2015,replicates.type,value_factor
SIDb,Doetterl2015,samplePreparation.sieving,value_factor or value_num
SIDb,Doetterl2015,samplePreparation.rootPicking,value_factor
SIDb,Doetterl2015,samplePreparation.rockPicking,value_factor
SIDb,Doetterl2015,temperature,value_number
SIDb,Doetterl2015,incubationTime,value_number
SIDb,Doetterl2015,preincubationTime,value_number
SIDb,Doetterl2015,gasAnalyzer,value_string
SIDb,Doetterl2015,country,value_string
SIDb,Doetterl2015,MAT,value_number
SIDb,Doetterl2015,MAP,value_number
SIDb,Doetterl2015,elevation,value_number
SIDb,Doetterl2015,landCover,value_factor
SIDb,Doetterl2015,vegNote,note
SIDb,Doetterl2015,latitude,value_number
SIDb,Doetterl2015,longitude,value_number
SIDb,Doetterl2015,soilOrder,value_string
SIDb,Doetterl2015,soilFamily,value_string
SIDb,Doetterl2015,soilSeries,value_string
SIDb,Doetterl2015,classificationSystem,value_factor
SIDb,Fontaine2007,name,value_string
SIDb,Fontaine2007,varDesc,value_string
SIDb,Fontaine2007,cellulose,value_number
SIDb,Fontaine2007,units,unit
SIDb,Fontaine2007,citationKey,id
SIDb,Fontaine2007,ID,id
SIDb,Fontaine2007,top,value_min
SIDb,Fontaine2007,bottom,value_max
SIDb,Fontaine2007,midDepth,value_mean
SIDb,Fontaine2007,samplePreparation.intactCore,value_factor
SIDb,Fontaine2007,samplePreparation.sieving,value_factor or value_num
SIDb,Fontaine2007,samplePreparation.rootPicking,value_factor
SIDb,Fontaine2007,incDesc,method
SIDb,Fontaine2007,temperature,value_number
SIDb,Fontaine2007,incubationTime,value_number
SIDb,Fontaine2007,preincubationTime,value_number
SIDb,Fontaine2007,gasAnalyzer,value_string
SIDb,Fontaine2007,site,id
SIDb,Fontaine2007,country,value_string
SIDb,Fontaine2007,landCover,value_factor
SIDb,Fontaine2007,vegNote,note
SIDb,Fontaine2007,latitude,value_number
SIDb,Fontaine2007,longitude,value_number
SIDb,Fontaine2007,soilOrder,value_string
SIDb,Fontaine2007,classificationSystem,value_factor
SIDb,Gillabel2010,name,value_string
SIDb,Gillabel2010,units,unit
SIDb,Gillabel2010,varDesc,value_string
SIDb,Gillabel2010,temperature,value_number
SIDb,Gillabel2010,midDepth,value_mean
SIDb,Gillabel2010,citationKey,id
SIDb,Gillabel2010,ID,id
SIDb,Gillabel2010,moisture,value_string
SIDb,Gillabel2010,moisture.units,unit
SIDb,Gillabel2010,replicates,value_number
SIDb,Gillabel2010,replicates.type,value_factor
SIDb,Gillabel2010,samplePreparation.intactCore,value_factor
SIDb,Gillabel2010,samplePreparation.sieving,value_factor or value_num
SIDb,Gillabel2010,samplePreparation.rootPicking,value_factor
SIDb,Gillabel2010,samplePreparation.rockPicking,value_factor
SIDb,Gillabel2010,incDesc,method
SIDb,Gillabel2010,incubationTime,value_number
SIDb,Gillabel2010,preincubationTime,value_number
SIDb,Gillabel2010,site,id
SIDb,Gillabel2010,country,value_string
SIDb,Gillabel2010,MAT,value_number
SIDb,Gillabel2010,MAP,value_number
SIDb,Gillabel2010,landCover,value_factor
SIDb,Gillabel2010,vegNote,note
SIDb,Gillabel2010,latitude,value_number
SIDb,Gillabel2010,longitude,value_number
SIDb,Gillabel2010,soilOrder,value_string
SIDb,Gillabel2010,soilFamily,value_string
SIDb,Gillabel2010,classificationSystem,value_factor
SIDb,Haddix2011,name,value_string
SIDb,Haddix2011,units,unit
SIDb,Haddix2011,varDesc,value_string
SIDb,Haddix2011,temperature,value_number
SIDb,Haddix2011,vegetation,"NA"
SIDb,Haddix2011,site,id
SIDb,Haddix2011,citationKey,id
SIDb,Haddix2011,ID,id
SIDb,Haddix2011,top,value_min
SIDb,Haddix2011,bottom,value_max
SIDb,Haddix2011,midDepth,value_mean
SIDb,Haddix2011,moisture,value_string
SIDb,Haddix2011,moisture.units,unit
SIDb,Haddix2011,replicates,value_number
SIDb,Haddix2011,replicates.type,value_factor
SIDb,Haddix2011,samplePreparation.intactCore,value_factor
SIDb,Haddix2011,samplePreparation.sieving,value_factor or value_num
SIDb,Haddix2011,samplePreparation.rootPicking,value_factor
SIDb,Haddix2011,samplePreparation.rockPicking,value_factor
SIDb,Haddix2011,incubationTime,value_number
SIDb,Haddix2011,gasAnalyzer,value_string
SIDb,Haddix2011,country,value_string
SIDb,Haddix2011,MAT,value_number
SIDb,Haddix2011,MAP.421,value_number
SIDb,Haddix2011,MAP.402,value_number
SIDb,Haddix2011,MAP.420,value_number
SIDb,Haddix2011,MAP.665,value_number
SIDb,Haddix2011,MAP..NA.,value_number
SIDb,Haddix2011,MAP.2200,value_number
SIDb,Haddix2011,landCover,value_factor
SIDb,Haddix2011,latitude,value_number
SIDb,Haddix2011,longitude,value_number
SIDb,Haddix2011,soilOrder,value_string
SIDb,Haddix2011,soilFamily,value_string
SIDb,Haddix2011,classificationSystem,value_factor
SIDb,Hopkins2006,name,value_string
SIDb,Hopkins2006,units,unit
SIDb,Hopkins2006,varDesc,value_string
SIDb,Hopkins2006,soil,value_string
SIDb,Hopkins2006,amendment,value_string
SIDb,Hopkins2006,citationKey,id
SIDb,Hopkins2006,ID,id
SIDb,Hopkins2006,top,value_min
SIDb,Hopkins2006,bottom,value_max
SIDb,Hopkins2006,midDepth,value_mean
SIDb,Hopkins2006,moisture,value_string
SIDb,Hopkins2006,moisture.units,unit
SIDb,Hopkins2006,replicates,value_number
SIDb,Hopkins2006,replicates.type,value_factor
SIDb,Hopkins2006,samplePreparation.intactCore,value_factor
SIDb,Hopkins2006,samplePreparation.sieving,value_factor or value_num
SIDb,Hopkins2006,samplePreparation.rootPicking,value_factor
SIDb,Hopkins2006,samplePreparation.rockPicking,value_factor
SIDb,Hopkins2006,incDesc,method
SIDb,Hopkins2006,temperature,value_number
SIDb,Hopkins2006,incubationTime,value_number
SIDb,Hopkins2006,preincubationTime,value_number
SIDb,Hopkins2006,gasAnalyzer,value_string
SIDb,Hopkins2006,site,id
SIDb,Hopkins2006,country,value_string
SIDb,Hopkins2006,landCover,value_factor
SIDb,Hopkins2006,vegNote,note
SIDb,Hopkins2006,latitude,value_number
SIDb,Hopkins2006,longitude,value_number
SIDb,Karhu2010,name,value_string
SIDb,Karhu2010,varDesc,value_string
SIDb,Karhu2010,site,id
SIDb,Karhu2010,forest,value_string
SIDb,Karhu2010,midDepth,value_mean
SIDb,Karhu2010,temperature,value_number
SIDb,Karhu2010,gasMeasured,value_string
SIDb,Karhu2010,units,unit
SIDb,Karhu2010,statistic,value_factor or value_num
SIDb,Karhu2010,horizon,value_string
SIDb,Karhu2010,citationKey,id
SIDb,Karhu2010,ID,id
SIDb,Karhu2010,moisture,value_string
SIDb,Karhu2010,moisture.units,unit
SIDb,Karhu2010,replicates,value_number
SIDb,Karhu2010,replicates.type,value_factor
SIDb,Karhu2010,samplePreparation.intactCore,value_factor
SIDb,Karhu2010,samplePreparation.sieving,value_factor or value_num
SIDb,Karhu2010,samplePreparation.rootPicking,value_factor
SIDb,Karhu2010,samplePreparation.rockPicking,value_factor
SIDb,Karhu2010,incDesc,method
SIDb,Karhu2010,incubationTime,value_number
SIDb,Karhu2010,gasAnalyzer,value_string
SIDb,Karhu2010,country,value_string
SIDb,Karhu2010,MAT,value_number
SIDb,Karhu2010,MAP,value_number
SIDb,Karhu2010,elevation,value_number
SIDb,Karhu2010,landCover,value_factor
SIDb,Karhu2010,vegNote,note
SIDb,Karhu2010,latitude,value_number
SIDb,Karhu2010,longitude,value_number
SIDb,Lavoie2011JGR,name,value_string
SIDb,Lavoie2011JGR,varDesc,value_string
SIDb,Lavoie2011JGR,units,unit
SIDb,Lavoie2011JGR,site,id
SIDb,Lavoie2011JGR,burn,value_factor
SIDb,Lavoie2011JGR,acidic,value_factor
SIDb,Lavoie2011JGR,minOrg,value_factor
SIDb,Lavoie2011JGR,temperature,value_number
SIDb,Lavoie2011JGR,citationKey,id
SIDb,Lavoie2011JGR,ID,"NA"
SIDb,Lavoie2011JGR,surfaceAtm,value_factor
SIDb,Lavoie2011JGR,replicates,value_number
SIDb,Lavoie2011JGR,replicates.type,value_factor
SIDb,Lavoie2011JGR,samplePreparation.intactCore,value_factor
SIDb,Lavoie2011JGR,samplePreparation.sieving,value_factor or value_num
SIDb,Lavoie2011JGR,samplePreparation.rootPicking,value_factor
SIDb,Lavoie2011JGR,samplePreparation.rockPicking,value_factor
SIDb,Lavoie2011JGR,incubationTime,value_number
SIDb,Lavoie2011JGR,gasAnalyzer,value_string
SIDb,Lavoie2011JGR,country,value_string
SIDb,Lavoie2011JGR,MAP,value_number
SIDb,Lavoie2011JGR,landCover,value_factor
SIDb,Lavoie2011JGR,latitude,value_number
SIDb,Lavoie2011JGR,longitude,value_number
SIDb,Lavoie2011JGR,soilOrder,value_string
SIDb,Lavoie2011JGR,classificationSystem,value_factor
SIDb,NeffHooper2002,name,value_string
SIDb,NeffHooper2002,varDesc,value_string
SIDb,NeffHooper2002,site,id
SIDb,NeffHooper2002,temperature,value_number
SIDb,NeffHooper2002,units,unit
SIDb,NeffHooper2002,vegetation,note
SIDb,NeffHooper2002,citationKey,id
SIDb,NeffHooper2002,ID,id
SIDb,NeffHooper2002,top,value_min
SIDb,NeffHooper2002,bottom,value_max
SIDb,NeffHooper2002,midDepth,value_mean
SIDb,NeffHooper2002,moisture,value_string
SIDb,NeffHooper2002,moisture.units,unit (value_factor)
SIDb,NeffHooper2002,replicates,value_number
SIDb,NeffHooper2002,replicates.type,value_factor
SIDb,NeffHooper2002,samplePreparation.intactCore,value_factor
SIDb,NeffHooper2002,samplePreparation.sieving,value_factor or value_num
SIDb,NeffHooper2002,samplePreparation.rootPicking,value_factor
SIDb,NeffHooper2002,samplePreparation.rockPicking,value_factor
SIDb,NeffHooper2002,incDesc,method
SIDb,NeffHooper2002,incubationTime,value_number
SIDb,NeffHooper2002,gasAnalyzer,value_string
SIDb,NeffHooper2002,country,value_string
SIDb,NeffHooper2002,MAT,value_number
SIDb,NeffHooper2002,landCover,value_factor
SIDb,NeffHooper2002,vegNote,note
SIDb,NeffHooper2002,latitude,value_number
SIDb,NeffHooper2002,longitude,value_number
SIDb,NeffHooper2002,soilOrder,value_string
SIDb,NeffHooper2002,permafrostExist,value_factor
SIDb,NeffHooper2002,activeLayer,value_number
SIDb,Niklinska1999,name,value_string
SIDb,Niklinska1999,units,unit (value_factor)
SIDb,Niklinska1999,varDesc,value_string
SIDb,Niklinska1999,temperature,value_number
SIDb,Niklinska1999,site,id
SIDb,Niklinska1999,citationKey,id
SIDb,Niklinska1999,ID,id
SIDb,Niklinska1999,top,value_min
SIDb,Niklinska1999,bottom,value_max
SIDb,Niklinska1999,midDepth,value_mean
SIDb,Niklinska1999,horizon,value_string
SIDb,Niklinska1999,moisture,value_string
SIDb,Niklinska1999,moisture.units,unit (value_factor)
SIDb,Niklinska1999,samplePreparation.intactCore,value_factor
SIDb,Niklinska1999,samplePreparation.sieving,value_factor or value_num
SIDb,Niklinska1999,samplePreparation.rootPicking,value_factor
SIDb,Niklinska1999,samplePreparation.rockPicking,value_factor
SIDb,Niklinska1999,incDesc,method
SIDb,Niklinska1999,incubationTime,value_number
SIDb,Niklinska1999,gasAnalyzer,value_string
SIDb,Niklinska1999,country,value_string
SIDb,Niklinska1999,MAT,value_number
SIDb,Niklinska1999,MAP,value_number
SIDb,Niklinska1999,elevation,value_number
SIDb,Niklinska1999,landCover,value_factor
SIDb,Niklinska1999,vegNote,note
SIDb,Niklinska1999,latitude,value_number
SIDb,Niklinska1999,longitude,value_number
SIDb,Reichstein2000,name,value_string
SIDb,Reichstein2000,units,unit
SIDb,Reichstein2000,varDesc,value_string
SIDb,Reichstein2000,temperature,value_number
SIDb,Reichstein2000,site,id
SIDb,Reichstein2000,citationKey,id
SIDb,Reichstein2000,ID,id
SIDb,Reichstein2000,top,value_min
SIDb,Reichstein2000,bottom,value_max
SIDb,Reichstein2000,midDepth,value_mean
SIDb,Reichstein2000,horizon,value_string
SIDb,Reichstein2000,moisture,value_string
SIDb,Reichstein2000,moisture.units,unit (value_factor)
SIDb,Reichstein2000,replicates,value_number
SIDb,Reichstein2000,replicates.type,value_factor
SIDb,Reichstein2000,samplePreparation.intactCore,value_factor
SIDb,Reichstein2000,samplePreparation.sieving,value_factor or value_num
SIDb,Reichstein2000,incDesc,method
SIDb,Reichstein2000,incubationTime,value_number
SIDb,Reichstein2000,gasAnalyzer,value_string
SIDb,Reichstein2000,country,value_string
SIDb,Reichstein2000,MAT,value_number
SIDb,Reichstein2000,MAP,value_number
SIDb,Reichstein2000,elevation,value_number
SIDb,Reichstein2000,landCover,value_factor
SIDb,Reichstein2000,vegNote,note
SIDb,Reichstein2000,latitude,value_number
SIDb,Reichstein2000,longitude,value_number
SIDb,Rey2008,name,value_string
SIDb,Rey2008,varDesc,value_string
SIDb,Rey2008,site,id
SIDb,Rey2008,midDepth,value_mean
SIDb,Rey2008,top,value_min
SIDb,Rey2008,bottom,value_max
SIDb,Rey2008,gasMeasured,value_factor
SIDb,Rey2008,units,unit
SIDb,Rey2008,statistic,value_factor or value_num
SIDb,Rey2008,citationKey,id
SIDb,Rey2008,ID,id
SIDb,Rey2008,moisture,value_string
SIDb,Rey2008,moisture.units,unit (value_factor)
SIDb,Rey2008,replicates,value_number
SIDb,Rey2008,replicates.type,value_factor
SIDb,Rey2008,samplePreparation.intactCore,value_factor
SIDb,Rey2008,samplePreparation.sieving,value_factor or value_num
SIDb,Rey2008,samplePreparation.rootPicking,value_factor
SIDb,Rey2008,samplePreparation.rockPicking,value_factor
SIDb,Rey2008,incDesc,method
SIDb,Rey2008,temperature,value_number
SIDb,Rey2008,incubationTime,value_number
SIDb,Rey2008,gasAnalyzer,value_string
SIDb,Rey2008,country,value_string
SIDb,Rey2008,MAT,value_number
SIDb,Rey2008,MAP,value_number
SIDb,Rey2008,elevation,value_number
SIDb,Rey2008,landCover,value_factor
SIDb,Rey2008,vegNote,note
SIDb,Rey2008,latitude,value_number
SIDb,Rey2008,longitude,value_number
SIDb,Rey2008,soilOrder,value_string
SIDb,Rey2008,soilFamily,value_string
SIDb,Rey2008,classificationSystem,value_factor
SIDb,Salome2010,name,value_string
SIDb,Salome2010,varDesc,value_string
SIDb,Salome2010,midDepth,value_mean
SIDb,Salome2010,gasMeasured,value_factor
SIDb,Salome2010,disturbance,value_factor
SIDb,Salome2010,oxygen,value_num
SIDb,Salome2010,units,unit
SIDb,Salome2010,statistic,value_factor or value_num
SIDb,Salome2010,citationKey,id
SIDb,Salome2010,ID,"NA"
SIDb,Salome2010,moisture,value_string
SIDb,Salome2010,moisture.units,unit (value_factor)
SIDb,Salome2010,oxygen.units,unit
SIDb,Salome2010,replicates,value_number
SIDb,Salome2010,replicates.type,value_factor
SIDb,Salome2010,samplePreparation.intactCore,value_factor
SIDb,Salome2010,samplePreparation.sieving,value_factor or value_num
SIDb,Salome2010,samplePreparation.rootPicking,value_factor
SIDb,Salome2010,samplePreparation.rockPicking,value_factor
SIDb,Salome2010,temperature,value_number
SIDb,Salome2010,incubationTime,value_number
SIDb,Salome2010,preincubationTime,value_number
SIDb,Salome2010,site,id
SIDb,Salome2010,country,value_string
SIDb,Salome2010,landCover,value_factor
SIDb,Salome2010,vegNote,note
SIDb,Salome2010,latitude,value_number
SIDb,Salome2010,longitude,value_number
SIDb,Salome2010,soilOrder,value_string
SIDb,Salome2010,classificationSystem,value_factor
SIDb,Salome2010,permafrostExist,value_factor
SIDb,Sierra2017BG,name,value_string
SIDb,Sierra2017BG,varDesc,value_string
SIDb,Sierra2017BG,temperature,value_number
SIDb,Sierra2017BG,moisture,value_string
SIDb,Sierra2017BG,oxygen,value_num
SIDb,Sierra2017BG,units,unit
SIDb,Sierra2017BG,citationKey,id
SIDb,Sierra2017BG,ID,id
SIDb,Sierra2017BG,top,value_min
SIDb,Sierra2017BG,bottom,value_max
SIDb,Sierra2017BG,midDepth,value_mean
SIDb,Sierra2017BG,horizon,value_string
SIDb,Sierra2017BG,moisture.units,unit (value_factor)
SIDb,Sierra2017BG,oxygen.units,unit
SIDb,Sierra2017BG,replicates,value_number
SIDb,Sierra2017BG,replicates.type,value_factor
SIDb,Sierra2017BG,samplePreparation.intactCore,value_factor
SIDb,Sierra2017BG,samplePreparation.sieving,value_factor or value_num
SIDb,Sierra2017BG,samplePreparation.rootPicking,value_factor
SIDb,Sierra2017BG,samplePreparation.rockPicking,value_factor
SIDb,Sierra2017BG,incDesc,method
SIDb,Sierra2017BG,anaerobic,value_factor
SIDb,Sierra2017BG,incubationTime,value_number
SIDb,Sierra2017BG,gasAnalyzer,value_string
SIDb,Sierra2017BG,site,id
SIDb,Sierra2017BG,country,value_string
SIDb,Sierra2017BG,MAT,value_number
SIDb,Sierra2017BG,MAP,value_number
SIDb,Sierra2017BG,landCover,value_factor
SIDb,Sierra2017BG,vegNote,note
SIDb,Sierra2017BG,latitude,value_number
SIDb,Sierra2017BG,longitude,value_number
SIDb,Sierra2017BG,soilOrder,value_string
SIDb,Sierra2017BG,soilFamily,value_string
SIDb,Sierra2017BG,soilSeries,value_string
SIDb,Sierra2017BG,classificationSystem,value_factor
SIDb,Sierra2017BG,permafrostExist,value_factor
SIDb,Sierra2017BG,activeLayer,value_number
SIDb,Song2010,name,value_string
SIDb,Song2010,units,unit
SIDb,Song2010,varDesc,value_string
SIDb,Song2010,temperature,value_number
SIDb,Song2010,amendment,value_string
SIDb,Song2010,citationKey,id
SIDb,Song2010,ID,id
SIDb,Song2010,top,value_min
SIDb,Song2010,bottom,value_max
SIDb,Song2010,midDepth,value_mean
SIDb,Song2010,moisture,value_string
SIDb,Song2010,moisture.units,unit (value_factor)
SIDb,Song2010,replicates,value_number
SIDb,Song2010,replicates.type,value_factor
SIDb,Song2010,samplePreparation.intactCore,value_factor
SIDb,Song2010,samplePreparation.sieving,value_factor or value_num
SIDb,Song2010,samplePreparation.rootPicking,value_factor
SIDb,Song2010,samplePreparation.rockPicking,value_factor
SIDb,Song2010,incDesc,method
SIDb,Song2010,incubationTime,value_number
SIDb,Song2010,preincubationTime,value_number
SIDb,Song2010,gasAnalyzer,value_string
SIDb,Song2010,site,id
SIDb,Song2010,country,value_string
SIDb,Song2010,MAT,value_number
SIDb,Song2010,MAP,value_number
SIDb,Song2010,elevation,value_number
SIDb,Song2010,landCover,value_factor
SIDb,Song2010,vegNote,note
SIDb,Song2010,latitude,value_number
SIDb,Song2010,longitude,value_number
SIDb,Song2010,soilOrder,value_string
SIDb,Song2010,soilFamily,value_string
SIDb,Song2010,classificationSystem,value_factor
SIDb,Song2010,permafrostExist,value_factor
SIDb,Stewart2008SBB,name,value_string
SIDb,Stewart2008SBB,varDesc,value_string
SIDb,Stewart2008SBB,site,id
SIDb,Stewart2008SBB,horizon,value_string
SIDb,Stewart2008SBB,gasMeasured,value_factor
SIDb,Stewart2008SBB,units,unit
SIDb,Stewart2008SBB,statistic,value_factor or value_num
SIDb,Stewart2008SBB,citationKey,id
SIDb,Stewart2008SBB,ID,id
SIDb,Stewart2008SBB,moisture,value_string
SIDb,Stewart2008SBB,moisture.units,unit (value_factor)
SIDb,Stewart2008SBB,g13CWheatStraw,value_number
SIDb,Stewart2008SBB,g13CWheatStraw.units,unit
SIDb,Stewart2008SBB,replicates,value_number
SIDb,Stewart2008SBB,replicates.type,value_factor
SIDb,Stewart2008SBB,incDesc,method
SIDb,Stewart2008SBB,temperature,value_number
SIDb,Stewart2008SBB,incubationTime,value_number
SIDb,Stewart2008SBB,preincubationTime,value_number
SIDb,Stewart2008SBB,gasAnalyzer,value_string
SIDb,Stewart2008SBB,country,value_string
SIDb,Stewart2008SBB,MAT,value_number
SIDb,Stewart2008SBB,MAP,value_number
SIDb,Stewart2008SBB,landCover,value_factor
SIDb,Stewart2008SBB,vegNote,note
SIDb,Stewart2008SBB,latitude,value_number
SIDb,Stewart2008SBB,longitude,value_number
SIDb,Stewart2008SBB,soilFamily,value_string
SIDb,Stewart2008SBB,classificationSystem,value_factor
SIDb,Townsend1997,name,value_string
SIDb,Townsend1997,varDesc,value_string
SIDb,Townsend1997,temperature,value_number
SIDb,Townsend1997,vegetation,note
SIDb,Townsend1997,elevation,value_number
SIDb,Townsend1997,units,unit
SIDb,Townsend1997,citationKey,id
SIDb,Townsend1997,ID,id
SIDb,Townsend1997,top,value_min
SIDb,Townsend1997,bottom,value_max
SIDb,Townsend1997,midDepth,value_mean
SIDb,Townsend1997,replicates,value_number
SIDb,Townsend1997,replicates.type,value_factor
SIDb,Townsend1997,samplePreparation.intactCore,value_factor
SIDb,Townsend1997,samplePreparation.sieving,value_factor or value_num
SIDb,Townsend1997,samplePreparation.rootPicking,value_factor
SIDb,Townsend1997,samplePreparation.rockPicking,value_factor
SIDb,Townsend1997,incDesc,method
SIDb,Townsend1997,incubationTime,value_number
SIDb,Townsend1997,gasAnalyzer,value_string
SIDb,Townsend1997,site,id
SIDb,Townsend1997,country,value_string
SIDb,Townsend1997,MAT,value_number
SIDb,Townsend1997,MAP,value_number
SIDb,Townsend1997,latitude,value_number
SIDb,Townsend1997,longitude,value_number
SIDb,Townsend1997,soilOrder,value_string
SIDb,Townsend1997,classificationSystem,value_factor
SIDb,Wang2010,name,value_string
SIDb,Wang2010,varDesc,value_string
SIDb,Wang2010,midDepth,value_mean
SIDb,Wang2010,temperature,value_number
SIDb,Wang2010,moisture,value_string
SIDb,Wang2010,units,unit
SIDb,Wang2010,citationKey,id
SIDb,Wang2010,ID,id
SIDb,Wang2010,moisture.units,unit (value_factor)
SIDb,Wang2010,replicates,value_number
SIDb,Wang2010,replicates.type,value_factor
SIDb,Wang2010,samplePreparation.intactCore,value_factor
SIDb,Wang2010,samplePreparation.sieving,value_factor or value_num
SIDb,Wang2010,samplePreparation.rootPicking,value_factor
SIDb,Wang2010,samplePreparation.rockPicking,value_factor
SIDb,Wang2010,incDesc,method
SIDb,Wang2010,incubationTime,value_number
SIDb,Wang2010,gasAnalyzer,value_string
SIDb,Wang2010,site,id
SIDb,Wang2010,country,value_string
SIDb,Wang2010,MAT,value_number
SIDb,Wang2010,MAP,value_number
SIDb,Wang2010,elevation,value_number
SIDb,Wang2010,landCover,value_factor
SIDb,Wang2010,vegNote,note
SIDb,Wang2010,latitude,value_number
SIDb,Wang2010,longitude,value_number
SIDb,Wang2010,soilOrder,value_string
SIDb,Wang2010,classificationSystem,value_factor
SIDb,Wang2010,activeLayer,value_number
SIDb,WicklandNeff2008a,name,value_string
SIDb,WicklandNeff2008a,varDesc,value_string
SIDb,WicklandNeff2008a,site,id
SIDb,WicklandNeff2008a,drainage,value_factor
SIDb,WicklandNeff2008a,temperature,value_number
SIDb,WicklandNeff2008a,moisture,value_string
SIDb,WicklandNeff2008a,gasMeasured,value_factor
SIDb,WicklandNeff2008a,units,unit
SIDb,WicklandNeff2008a,statistic,value_factor or value_num
SIDb,WicklandNeff2008a,top,value_min
SIDb,WicklandNeff2008a,bottom,value_max
SIDb,WicklandNeff2008a,midDepth,value_mean
SIDb,WicklandNeff2008a,citationKey,id
SIDb,WicklandNeff2008a,ID,id
SIDb,WicklandNeff2008a,surfaceAtm,value_factor
SIDb,WicklandNeff2008a,horizon,value_string
SIDb,WicklandNeff2008a,moisture.units,unit (value_factor)
SIDb,WicklandNeff2008a,replicates,value_number
SIDb,WicklandNeff2008a,replicates.type,value_factor
SIDb,WicklandNeff2008a,samplePreparation.intactCore,value_factor
SIDb,WicklandNeff2008a,samplePreparation.sieving,value_factor or value_num
SIDb,WicklandNeff2008a,samplePreparation.rootPicking,value_factor
SIDb,WicklandNeff2008a,samplePreparation.rockPicking,value_factor
SIDb,WicklandNeff2008a,incDesc,method
SIDb,WicklandNeff2008a,incubationTime,value_number
SIDb,WicklandNeff2008a,gasAnalyzer,value_string
SIDb,WicklandNeff2008a,country,value_string
SIDb,WicklandNeff2008a,elevation,value_number
SIDb,WicklandNeff2008a,landCover,value_factor
SIDb,WicklandNeff2008a,vegNote,note
SIDb,WicklandNeff2008a,latitude,value_number
SIDb,WicklandNeff2008a,longitude,value_number
SIDb,WicklandNeff2008a,soilFamily,value_string
SIDb,WicklandNeff2008a,classificationSystem,value_factor
SIDb,WicklandNeff2008a,permafrostExist,value_factor
SIDb,WicklandNeff2008a,activeLayer,value_number
SIDb,Winkler1996,name,value_string
SIDb,Winkler1996,varDesc,value_string
SIDb,Winkler1996,temperature,value_number
SIDb,Winkler1996,units,unit
SIDb,Winkler1996,top,value_min
SIDb,Winkler1996,bottom,value_max
SIDb,Winkler1996,midDepth,value_mean
SIDb,Winkler1996,horizon,value_string
SIDb,Winkler1996,replicates,value_number
SIDb,Winkler1996,citationKey,id
SIDb,Winkler1996,ID,id
SIDb,Winkler1996,moisture,value_string
SIDb,Winkler1996,moisture.units,unit (value_factor)
SIDb,Winkler1996,replicates.type,value_factor
SIDb,Winkler1996,samplePreparation.intactCore,value_factor
SIDb,Winkler1996,samplePreparation.sieving,value_factor or value_num
SIDb,Winkler1996,samplePreparation.rootPicking,value_factor
SIDb,Winkler1996,samplePreparation.rockPicking,value_factor
SIDb,Winkler1996,incDesc,method
SIDb,Winkler1996,incubationTime,value_number
SIDb,Winkler1996,gasAnalyzer,value_string
SIDb,Winkler1996,site,id
SIDb,Winkler1996,country,value_string
SIDb,Winkler1996,elevation,value_number
SIDb,Winkler1996,landCover,value_factor
SIDb,Winkler1996,vegNote,note
SIDb,Winkler1996,latitude,value_number
SIDb,Winkler1996,longitude,value_number
SIDb,Winkler1996,soilOrder,value_string
SIDb,Winkler1996,soilSeries,value_string
SIDb,Zhang2007,name,value_string
SIDb,Zhang2007,varDesc,value_string
SIDb,Zhang2007,site,id
SIDb,Zhang2007,temperature,value_number
SIDb,Zhang2007,units,unit
SIDb,Zhang2007,citationKey,id
SIDb,Zhang2007,ID,id
SIDb,Zhang2007,top,value_min
SIDb,Zhang2007,bottom,value_max
SIDb,Zhang2007,midDepth,value_mean
SIDb,Zhang2007,moisture,value_string
SIDb,Zhang2007,moisture.units,unit (value_factor)
SIDb,Zhang2007,replicates,value_number
SIDb,Zhang2007,replicates.type,value_factor
SIDb,Zhang2007,samplePreparation.intactCore,value_factor
SIDb,Zhang2007,samplePreparation.sieving,value_factor or value_num
SIDb,Zhang2007,samplePreparation.rootPicking,value_factor
SIDb,Zhang2007,samplePreparation.rockPicking,value_factor
SIDb,Zhang2007,incDesc,method
SIDb,Zhang2007,incubationTime,value_number
SIDb,Zhang2007,gasAnalyzer,value_string
SIDb,Zhang2007,country,value_string
SIDb,Zhang2007,elevation,value_number
SIDb,Zhang2007,landCover,value_factor
SIDb,Zhang2007,vegNote,note
SIDb,Zhang2007,latitude,value_number
SIDb,Zhang2007,longitude,value_number
SIDb,Zhang2007,soilOrder,value_string
SIDb,Zhang2007,soilFamily,value_string
SIDb,Zhang2007,classificationSystem,value_factor
vanGestel,soil C,site.id,id
vanGestel,soil C,trt,value_factor
vanGestel,soil C,technique,method
vanGestel,soil C,season,value_string
vanGestel,soil C,trt.size.bg,value_number
vanGestel,soil C,soilT.depth,value_number
vanGestel,soil C,trt.size.abg,value_number
vanGestel,soil C,trt.size.units,unit
vanGestel,soil C,start.date,value_date
vanGestel,soil C,measurement.date,value_date
vanGestel,soil C,duration,value_number
vanGestel,soil C,remove,value_factor
vanGestel,soil C,multi.year,value_factor
vanGestel,soil C,control.mean,value_avg
vanGestel,soil C,control.se,value_number
vanGestel,soil C,control.n,value_number
vanGestel,soil C,trt.mean,value_avg
vanGestel,soil C,trt.se,value_number
vanGestel,soil C,trt.n,value_number
vanGestel,soil C,unit,unit
vanGestel,soil C,variable,value_string
vanGestel,soil C,soil.horizon,value_number
vanGestel,soil C,bulk.density,value_number
vanGestel,soil C,source,value_string
vanGestel,soil C,notes,note
vanGestel,soil C,reference,value_string
vanGestel,Rsoil,site.id,id
vanGestel,Rsoil,trt,value_factor
vanGestel,Rsoil,technique,method
vanGestel,Rsoil,season,value_string
vanGestel,Rsoil,trt.size.bg,value_number
vanGestel,Rsoil,soilT.depth,value_number
vanGestel,Rsoil,trt.size.abg,value_number
vanGestel,Rsoil,trt.size.units,unit
vanGestel,Rsoil,start.date,value_date
vanGestel,Rsoil,measurement.date,value_date
vanGestel,Rsoil,duration,value_number
vanGestel,Rsoil,remove,value_factor
vanGestel,Rsoil,multi.year,value_factor
vanGestel,Rsoil,control.mean,value_avg
vanGestel,Rsoil,control.se,value_number
vanGestel,Rsoil,control.n,value_number
vanGestel,Rsoil,trt.mean,value_avg
vanGestel,Rsoil,trt.se,value_number
vanGestel,Rsoil,trt.n,value_number
vanGestel,Rsoil,unit,unit
vanGestel,Rsoil,variable,value_string
vanGestel,Rsoil,source,value_string
vanGestel,Rsoil,notes,note
vanGestel,Rsoil,reference,value_string
vanGestel,biomass,site.id,id
vanGestel,biomass,trt,value_factor
vanGestel,biomass,technique,method
vanGestel,biomass,season,value_string
vanGestel,biomass,trt.size.bg,value_number
vanGestel,biomass,soilT.depth,value_number
vanGestel,biomass,trt.size.abg,value_number
vanGestel,biomass,trt.size.units,unit
vanGestel,biomass,species,value_string
vanGestel,biomass,start.date,value_date
vanGestel,biomass,measurement.date,value_date
vanGestel,biomass,duration,value_number
vanGestel,biomass,remove,value_factor
vanGestel,biomass,multi.year,value_factor
vanGestel,biomass,control.mean,value_avg
vanGestel,biomass,control.se,value_number
vanGestel,biomass,control.n,value_number
vanGestel,biomass,trt.mean,value_avg
vanGestel,biomass,trt.se,value_number
vanGestel,biomass,trt.n,value_number
vanGestel,biomass,unit,unit
vanGestel,biomass,variable,value_string
vanGestel,biomass,soil.horizon,value_number
vanGestel,biomass,source,value_string
vanGestel,biomass,notes,note
vanGestel,biomass,reference,value_string
vanGestel,biomass,input,value_factor
vanGestel,site info,site.id,id
vanGestel,site info,state.country,value_string
vanGestel,site info,site,value_string
vanGestel,site info,project,value_string
vanGestel,site info,lat,value_number
vanGestel,site info,lon,value_number
vanGestel,site info,elevation,value_number
vanGestel,site info,mat,value_number
vanGestel,site info,map,value_number
vanGestel,site info,treatments,value_factor
vanGestel,site info,technique,method
vanGestel,site info,season,value_string
vanGestel,site info,biome,value_string
vanGestel,site info,sub.biome,value_string
vanGestel,site info,species,value_string
vanGestel,site info,soil.type,value_string
vanGestel,site info,soil.texture.class,value_factor
vanGestel,site info,perc.sand,value_number
vanGestel,site info,perc.silt,value_number
vanGestel,site info,perc.clay,value_number
vanGestel,site info,start.date,value_date
vanGestel,site info,C.pool.abg,value_number
vanGestel,site info,C.pool.bwg,value_number
vanGestel,site info,N.pool.abg,value_number
vanGestel,site info,N.pool.bwg,value_number
vanGestel,site info,P.pool.bwg,value_number
vanGestel,site info,soil.depth.pool,value_number
vanGestel,site info,Ndep.rate,value_number
vanGestel,site info,bulk.density,value_number
vanGestel,site info,pH,value_number
vanGestel,site info,percent.om,value_number
vanGestel,site info,source,value_string
vanGestel,site info,notes,note
vanGestel,site info,Reference,value_string
vanGestel,soil moisture,site.id,id
vanGestel,soil moisture,trt,value_factor
vanGestel,soil moisture,technique,method
vanGestel,soil moisture,season,value_string
vanGestel,soil moisture,trt.size.bg,value_number
vanGestel,soil moisture,soilT.depth,value_number
vanGestel,soil moisture,trt.size.abg,value_number
vanGestel,soil moisture,trt.size.units,unit
vanGestel,soil moisture,start.date,value_date
vanGestel,soil moisture,measurement.date,value_date
vanGestel,soil moisture,control.mean,value_avg
vanGestel,soil moisture,control.se,value_number
vanGestel,soil moisture,control.n,value_number
vanGestel,soil moisture,trt.mean,value_avg
vanGestel,soil moisture,trt.se,value_number
vanGestel,soil moisture,trt.n,value_number
vanGestel,soil moisture,unit,unit
vanGestel,soil moisture,variable,value_string
vanGestel,soil moisture,soil.horizon,value_number
vanGestel,soil moisture,source,value_string
vanGestel,soil moisture,notes,note
vanGestel,soil moisture,reference,value_string
vanGestel,correlation BD-OM,site,value_string
vanGestel,correlation BD-OM,bulk.density,value_number
vanGestel,correlation BD-OM,percent.om,value_number
vanGestel,correlation BD-OM,source,value_string
vanGestel,correlation BD-OM,notes,note
vanGestel,correlation BD-OM,Reference,value_string
